location_id,lon,lat,thr_low,thr_high,thr_baseline,thr_opt,thr_shift,cost_baseline,cost_opt,thr_final
1,-124.71,48.13,0.491856422,0.515646134,0.503751278,,,,,0.503751278
2,-124.71,48.39,0.505215103,0.62074892,0.5629820115,,,,,0.5629820115
3,-124.7,48.25,0.489933837,0.61347768,0.5517057585,,,,,0.5517057585
4,-124.69,47.93,0.477960263,0.505319876,0.49164006949999994,,,,,0.49164006949999994
5,-124.69,48.04,0.478238848,0.506088094,0.492163471,,,,,0.492163471
6,-124.69,48.34,0.476316263,0.625588612,0.5509524375,,,,,0.5509524375
7,-124.58,47.87,0.469327742,0.498670892,0.483999317,,,,,0.483999317
8,-124.58,48.37,0.464849798,0.59885976,0.531854779,0.4180000000000001,-0.1138547789999999,27.0,18.0,0.4180000000000001
9,-124.57,42.84,0.401235599,0.415306671,0.408271135,,,,,0.408271135
10,-124.52,42.75,0.403542799,0.416331543,0.40993717100000004,0.2319999999999997,-0.17793717100000034,26.0,7.0,0.2319999999999997
11,-124.51,42.9,0.401671028,0.416636707,0.4091538675,,,,,0.4091538675
12,-124.48,47.78,0.479428334,0.519457533,0.4994429335,,,,,0.4994429335
13,-124.47,42.97,0.390489711,0.4029812,0.3967354555,,,,,0.3967354555
14,-124.46,48.32,0.468514893,0.598685589,0.533600241,,,,,0.533600241
15,-124.45,42.67,0.391719939,0.404140634,0.3979302865,,,,,0.3979302865
16,-124.44,42.44,0.387405636,0.39755728,0.392481458,,,,,0.392481458
17,-124.44,43.05,0.390003013,0.400101035,0.395052024,,,,,0.395052024
18,-124.43,42.32,0.387682054,0.397870873,0.3927764635,,,,,0.3927764635
19,-124.43,42.33,0.387682054,0.397870873,0.3927764635,,,,,0.3927764635
20,-124.43,42.34,0.385946379,0.399884844,0.3929156115,,,,,0.3929156115
21,-124.43,42.39,0.387405636,0.39755728,0.392481458,,,,,0.392481458
22,-124.43,42.42,0.387405636,0.39755728,0.392481458,,,,,0.392481458
23,-124.43,42.42,0.387405636,0.39755728,0.392481458,,,,,0.392481458
24,-124.43,43.12,0.438766685,0.447749771,0.44325822800000003,,,,,0.44325822800000003
25,-124.42,42.32,0.387682054,0.397870873,0.3927764635,,,,,0.3927764635
26,-124.42,42.43,0.387405636,0.39755728,0.392481458,,,,,0.392481458
27,-124.42,42.46,0.387405636,0.39755728,0.392481458,,,,,0.392481458
28,-124.42,42.5,0.387405636,0.39755728,0.392481458,,,,,0.392481458
29,-124.42,47.71,0.482483021,0.514831778,0.4986573995,,,,,0.4986573995
30,-124.41,40.44,0.389454727,0.405741955,0.397598341,,,,,0.397598341
31,-124.41,42.25,0.387682054,0.397870873,0.3927764635,,,,,0.3927764635
32,-124.41,42.28,0.387682054,0.397870873,0.3927764635,,,,,0.3927764635
33,-124.41,42.3,0.387682054,0.397870873,0.3927764635,,,,,0.3927764635
34,-124.4,42.24,0.387682054,0.397870873,0.3927764635,,,,,0.3927764635
35,-124.4,43.19,0.438580962,0.447665257,0.4431231095,,,,,0.4431231095
36,-124.4,43.31,0.438580962,0.447665257,0.4431231095,,,,,0.4431231095
37,-124.39,42.23,0.387682054,0.397784644,0.392733349,,,,,0.392733349
38,-124.39,42.57,0.387753122,0.39755728,0.392655201,,,,,0.392655201
39,-124.39,43.27,0.438580962,0.447665257,0.4431231095,,,,,0.4431231095
40,-124.39,47.64,0.482483021,0.514387061,0.498435041,,,,,0.498435041
41,-124.38,42.2,0.388487597,0.397784644,0.3931361205,,,,,0.3931361205
42,-124.38,42.21,0.388487597,0.397784644,0.3931361205,,,,,0.3931361205
43,-124.37,40.35,0.390369127,0.405741955,0.39805554099999996,,,,,0.39805554099999996
44,-124.37,40.54,0.38821208,0.402672512,0.395442296,,,,,0.395442296
45,-124.37,42.15,0.388487597,0.397784644,0.3931361205,,,,,0.3931361205
46,-124.37,42.16,0.388487597,0.397784644,0.3931361205,,,,,0.3931361205
47,-124.37,42.17,0.388487597,0.397784644,0.3931361205,,,,,0.3931361205
48,-124.37,42.19,0.388487597,0.397784644,0.3931361205,,,,,0.3931361205
49,-124.36,40.26,0.391780473,0.406780458,0.3992804655,,,,,0.3992804655
50,-124.36,42.12,0.388487597,0.397784644,0.3931361205,,,,,0.3931361205
51,-124.36,42.12,0.388487597,0.397784644,0.3931361205,,,,,0.3931361205
52,-124.36,42.14,0.388487597,0.397784644,0.3931361205,,,,,0.3931361205
53,-124.36,42.14,0.388487597,0.397784644,0.3931361205,,,,,0.3931361205
54,-124.36,42.16,0.388487597,0.397784644,0.3931361205,,,,,0.3931361205
55,-124.36,42.17,0.388487597,0.397784644,0.3931361205,,,,,0.3931361205
56,-124.36,47.55,0.47946618,0.511808823,0.49563750149999997,,,,,0.49563750149999997
57,-124.35,42.1,0.388487597,0.397784644,0.3931361205,,,,,0.3931361205
58,-124.35,42.11,0.388487597,0.397784644,0.3931361205,,,,,0.3931361205
59,-124.35,42.13,0.388487597,0.397784644,0.3931361205,,,,,0.3931361205
60,-124.35,47.48,0.47946618,0.511781618,0.49562389900000003,,,,,0.49562389900000003
61,-124.33,43.36,0.445797958,0.459246371,0.4525221645,0.3250000000000002,-0.1275221644999998,28.0,12.0,0.3250000000000002
62,-124.33,47.39,0.480030645,0.509804531,0.49491758799999996,,,,,0.49491758799999996
63,-124.33,48.28,0.386563166,0.545960352,0.466261759,,,,,0.466261759
64,-124.32,40.63,0.38821208,0.402672512,0.395442296,,,,,0.395442296
65,-124.32,42.08,0.388487597,0.39755728,0.3930224385,,,,,0.3930224385
66,-124.32,43.35,0.445797958,0.459246371,0.4525221645,0.3560000000000001,-0.0965221644999999,26.0,12.0,0.3560000000000001
67,-124.29,40.2,0.393895242,0.40739224,0.400643741,,,,,0.400643741
68,-124.29,42.04,0.386531363,0.39755728,0.3920443215,,,,,0.3920443215
69,-124.29,43.43,0.404639987,0.412437426,0.4085387065,,,,,0.4085387065
70,-124.29,47.33,0.477660386,0.509169852,0.493415119,,,,,0.493415119
71,-124.28,42.05,0.388487597,0.39755728,0.3930224385,,,,,0.3930224385
72,-124.28,43.42,0.503844158,0.526983208,0.515413683,,,,,0.515413683
73,-124.27,40.72,0.38821208,0.402672512,0.395442296,,,,,0.395442296
74,-124.26,41.77,0.384738208,0.399430089,0.3920841485,,,,,0.3920841485
75,-124.26,41.78,0.384738208,0.399430089,0.3920841485,,,,,0.3920841485
76,-124.26,43.5,0.402364147,0.409832771,0.40609845899999997,,,,,0.40609845899999997
77,-124.25,41.78,0.384738208,0.399430089,0.3920841485,,,,,0.3920841485
78,-124.24,40.76,0.390553004,0.402859118,0.396706061,0.1999999999999999,-0.1967060610000001,84.0,48.0,0.1999999999999999
79,-124.24,42.02,0.386531363,0.39755728,0.3920443215,,,,,0.3920443215
80,-124.23,40.74,0.38821208,0.402672512,0.395442296,0.24999999999999994,-0.14544229600000008,96.0,61.0,0.24999999999999994
81,-124.23,40.76,0.390553004,0.402859118,0.396706061,0.177,-0.219706061,88.0,49.0,0.177
82,-124.23,43.45,0.487882744,0.514996212,0.501439478,,,,,0.501439478
83,-124.23,43.58,0.394248259,0.400051099,0.397149679,,,,,0.397149679
84,-124.22,41.75,0.384738208,0.399430089,0.3920841485,0.4650000000000001,0.07291585150000007,14.0,2.0,0.4650000000000001
85,-124.22,43.43,0.488644744,0.515823526,0.502234135,,,,,0.502234135
86,-124.22,47.25,0.478886285,0.51081254,0.49484941250000003,,,,,0.49484941250000003
87,-124.21,40.15,0.396055672,0.406258235,0.4011569535,,,,,0.4011569535
88,-124.21,40.77,0.390553004,0.402859118,0.396706061,0.23799999999999993,-0.15870606100000006,82.0,46.0,0.23799999999999993
89,-124.21,40.77,0.390553004,0.402859118,0.396706061,0.23799999999999993,-0.15870606100000006,82.0,46.0,0.23799999999999993
90,-124.21,40.8,0.390553004,0.402859118,0.396706061,0.17799999999999988,-0.21870606100000012,88.0,50.0,0.17799999999999988
91,-124.21,41.86,0.387181226,0.400272771,0.39372699850000004,,,,,0.39372699850000004
92,-124.21,41.92,0.388623011,0.399430089,0.39402655,,,,,0.39402655
93,-124.21,41.99,0.386531363,0.39755728,0.3920443215,,,,,0.3920443215
94,-124.21,43.67,0.389490519,0.397164016,0.3933272675,,,,,0.3933272675
95,-124.2,40.76,0.390553004,0.402859118,0.396706061,0.252,-0.144706061,84.0,49.0,0.252
96,-124.2,47.18,0.481341195,0.51081254,0.4960768675,,,,,0.4960768675
97,-124.2,48.25,0.39772564,0.552924318,0.475324979,,,,,0.475324979
98,-124.19,41.75,0.384738208,0.399430089,0.3920841485,0.4710000000000001,0.07891585150000008,22.0,10.0,0.4710000000000001
99,-124.18,40.81,0.390553004,0.402859118,0.396706061,,,,,0.396706061
100,-124.18,43.76,0.393134721,0.400051099,0.39659291,,,,,0.39659291
101,-124.18,47.09,0.482408045,0.511960338,0.4971841915,,,,,0.4971841915
102,-124.17,40.86,0.390553004,0.402859118,0.396706061,,,,,0.396706061
103,-124.17,46.93,0.481854297,0.512595017,0.49722465699999996,,,,,0.49722465699999996
104,-124.17,47.01,0.484110679,0.509655718,0.49688319849999996,,,,,0.49688319849999996
105,-124.16,41.14,0.390553004,0.402859118,0.396706061,,,,,0.396706061
106,-124.16,41.73,0.387181226,0.399430089,0.3933056575,0.472,0.07869434249999996,16.0,2.0,0.472
107,-124.16,43.85,0.399221482,0.41260368,0.405912581,,,,,0.405912581
108,-124.15,41.05,0.390553004,0.402859118,0.396706061,,,,,0.396706061
109,-124.15,41.14,0.390553004,0.402859118,0.396706061,,,,,0.396706061
110,-124.15,43.93,0.401659882,0.415208335,0.4084341085,,,,,0.4084341085
111,-124.14,40.94,0.389826173,0.402859118,0.3963426455,,,,,0.3963426455
112,-124.14,41.67,0.388192968,0.399430089,0.3938115285,,,,,0.3938115285
113,-124.14,41.7,0.388192968,0.399430089,0.3938115285,,,,,0.3938115285
114,-124.14,44.02,0.426340165,0.436239656,0.4312899105,0.484,0.0527100895,12.0,10.0,0.484
115,-124.14,46.9,0.484169219,0.510761536,0.49746537749999997,,,,,0.49746537749999997
116,-124.14,47.03,0.371217021,0.39034741,0.3807822155,,,,,0.3807822155
117,-124.13,44.12,0.447092212,0.458816994,0.452954603,,,,,0.452954603
118,-124.13,46.96,0.479820026,0.504525877,0.49217295149999996,,,,,0.49217295149999996
119,-124.12,40.11,0.400385513,0.414374931,0.407380222,,,,,0.407380222
120,-124.12,44.2,0.447611471,0.464151498,0.4558814845,,,,,0.4558814845
121,-124.11,41.03,0.389826173,0.402859118,0.3963426455,,,,,0.3963426455
122,-124.11,41.22,0.391525865,0.407195046,0.3993604555,,,,,0.3993604555
123,-124.11,44.29,0.444763521,0.464110253,0.45443688699999996,,,,,0.45443688699999996
124,-124.11,46.83,0.483275433,0.509058773,0.496167103,,,,,0.496167103
125,-124.1,41.57,0.38892629,0.399430089,0.3941781895,,,,,0.3941781895
126,-124.1,48.22,0.378656654,0.416126062,0.39739135800000003,,,,,0.39739135800000003
127,-124.09,41.31,0.38333672,0.398664053,0.3910003865,,,,,0.3910003865
128,-124.09,44.37,0.510703536,0.522914032,0.516808784,,,,,0.516808784
129,-124.09,44.41,0.496235617,0.512000771,0.504118194,,,,,0.504118194
130,-124.08,41.52,0.383455797,0.399430089,0.391442943,,,,,0.391442943
131,-124.08,41.54,0.383455797,0.399430089,0.391442943,,,,,0.391442943
132,-124.08,44.51,0.503557318,0.522914032,0.513235675,,,,,0.513235675
133,-124.08,44.68,0.504606158,0.525198155,0.5149021565,,,,,0.5149021565
134,-124.08,46.26,0.431473504,0.465546526,0.448510015,,,,,0.448510015
135,-124.08,46.72,0.4829539,0.51745915,0.500206525,,,,,0.500206525
136,-124.08,46.86,0.366514393,0.3893085,0.37791144649999997,,,,,0.37791144649999997
137,-124.07,40.02,0.394504842,0.408389767,0.4014473045,,,,,0.4014473045
138,-124.07,41.38,0.383455797,0.398664053,0.391059925,,,,,0.391059925
139,-124.07,41.46,0.383455797,0.399430089,0.391442943,,,,,0.391442943
140,-124.07,44.61,0.505753977,0.525198155,0.515476066,0.7980000000000003,0.2825239340000003,921.0,809.0,0.7980000000000003
141,-124.07,44.63,0.505753977,0.525198155,0.515476066,0.43200000000000016,-0.0834760659999998,32.0,21.0,0.43200000000000016
142,-124.07,44.69,0.501302869,0.522150155,0.511726512,,,,,0.511726512
143,-124.07,44.8,0.488644744,0.509614104,0.499129424,,,,,0.499129424
144,-124.07,46.29,0.435963604,0.469262668,0.45261313599999997,,,,,0.45261313599999997
145,-124.07,46.64,0.484747423,0.51745915,0.5011032865,2.1780000000000004,1.6768967135000004,130.0,106.0,2.1780000000000004
146,-124.06,44.66,0.504606158,0.525198155,0.5149021565,,,,,0.5149021565
147,-124.06,44.75,0.488644744,0.509614104,0.499129424,,,,,0.499129424
148,-124.06,46.28,0.434486496,0.467891068,0.451188782,,,,,0.451188782
149,-124.06,46.34,0.434486496,0.467891068,0.451188782,,,,,0.451188782
150,-124.06,46.44,0.433168337,0.467825776,0.45049705650000005,,,,,0.45049705650000005
151,-124.06,46.54,0.433267026,0.466430801,0.4498489135,,,,,0.4498489135
152,-124.05,44.84,0.504606158,0.525111927,0.5148590424999999,,,,,0.5148590424999999
153,-124.05,46.3,0.434486496,0.467999925,0.4512432105,,,,,0.4512432105
154,-124.05,46.86,0.366514393,0.390016373,0.378265383,,,,,0.378265383
155,-124.05,47.03,0.366514393,0.389429476,0.3779719345,,,,,0.3779719345
156,-124.04,44.89,0.444574502,0.462875098,0.4537248,,,,,0.4537248
157,-124.04,46.27,0.4829539,0.517186688,0.500070294,,,,,0.500070294
158,-124.04,46.9,0.434588858,0.460796237,0.4476925475,,,,,0.4476925475
159,-124.03,44.92,0.384346322,0.397723535,0.3910349285,,,,,0.3910349285
160,-124.03,44.9,0.388091008,0.401779559,0.3949352835,,,,,0.3949352835
161,-124.03,44.89,0.444574502,0.462875098,0.4537248,,,,,0.4537248
162,-124.03,44.94,0.444574502,0.462875098,0.4537248,,,,,0.4537248
163,-124.03,46.64,0.453608984,0.483921545,0.4687652645,,,,,0.4687652645
164,-124.03,46.59,0.447162295,0.481365553,0.464263924,,,,,0.464263924
165,-124.03,46.51,0.447085404,0.488634467,0.46785993550000005,,,,,0.46785993550000005
166,-124.02,44.92,0.394317636,0.409195099,0.4017563675,,,,,0.4017563675
167,-124.02,44.93,0.388091008,0.401779559,0.3949352835,,,,,0.3949352835
168,-124.02,45.05,0.501302869,0.522063927,0.511683398,,,,,0.511683398
169,-124.02,46.23,0.483900408,0.517508551,0.5007044795,,,,,0.5007044795
170,-124.02,46.31,0.431374814,0.466811482,0.449093148,,,,,0.449093148
171,-124.02,46.44,0.45512148,0.483728043,0.4694247615,,,,,0.4694247615
172,-124.02,46.99,0.436473736,0.45635466,0.44641419800000004,,,,,0.44641419800000004
173,-124.01,44.62,0.487174621,0.515047171,0.5011108959999999,0.3979999999999999,-0.10311089600000001,35.0,20.0,0.3979999999999999
174,-124.01,44.9,0.394317636,0.409195099,0.4017563675,,,,,0.4017563675
175,-124.01,45.03,0.504606158,0.525111927,0.5148590424999999,,,,,0.5148590424999999
176,-124.01,45.05,0.446647044,0.459720365,0.4531837045,,,,,0.4531837045
177,-124.01,45.08,0.501302869,0.522063927,0.511683398,,,,,0.511683398
178,-124.01,45.34,0.504606158,0.525111927,0.5148590424999999,,,,,0.5148590424999999
179,-124.01,46.71,0.484550438,0.519328064,0.501939251,0.3620000000000001,-0.13993925099999993,62.0,38.0,0.3620000000000001
180,-123.99,45.1,0.504606158,0.525111927,0.5148590424999999,,,,,0.5148590424999999
181,-123.99,45.94,0.491272542,0.516702285,0.5039874135,,,,,0.5039874135
182,-123.99,46.23,0.484290749,0.517443363,0.500867056,,,,,0.500867056
183,-123.99,46.21,0.484290749,0.517443363,0.500867056,,,,,0.500867056
184,-123.98,39.95,0.401611934,0.418697549,0.4101547415,,,,,0.4101547415
185,-123.98,45.15,0.504606158,0.525111927,0.5148590424999999,,,,,0.5148590424999999
186,-123.98,45.22,0.504606158,0.525111927,0.5148590424999999,,,,,0.5148590424999999
187,-123.98,45.35,0.504606158,0.525111927,0.5148590424999999,,,,,0.5148590424999999
188,-123.98,45.49,0.490664119,0.511117241,0.50089068,,,,,0.50089068
189,-123.98,45.76,0.48918166,0.516702285,0.5029419725000001,,,,,0.5029419725000001
190,-123.98,45.96,0.491272542,0.516702285,0.5039874135,,,,,0.5039874135
191,-123.98,46.38,0.453900518,0.482178421,0.46803946949999997,,,,,0.46803946949999997
192,-123.97,45.16,0.43562188,0.445940085,0.4407809825,,,,,0.4407809825
193,-123.97,45.22,0.504606158,0.525111927,0.5148590424999999,,,,,0.5148590424999999
194,-123.97,45.23,0.504606158,0.525111927,0.5148590424999999,,,,,0.5148590424999999
195,-123.97,45.34,0.504606158,0.525111927,0.5148590424999999,,,,,0.5148590424999999
196,-123.97,45.36,0.504606158,0.525111927,0.5148590424999999,,,,,0.5148590424999999
197,-123.97,45.46,0.504606158,0.525111927,0.5148590424999999,,,,,0.5148590424999999
198,-123.97,45.48,0.49068333,0.511117241,0.5009002855,,,,,0.5009002855
199,-123.97,45.49,0.490664119,0.511117241,0.50089068,,,,,0.50089068
200,-123.97,45.75,0.48872446,0.516310399,0.5025174295,,,,,0.5025174295
201,-123.97,45.76,0.48918166,0.516702285,0.5029419725000001,,,,,0.5029419725000001
202,-123.97,45.78,0.489378608,0.516702285,0.5030404465,,,,,0.5030404465
203,-123.97,45.8,0.489378608,0.516702285,0.5030404465,,,,,0.5030404465
204,-123.97,45.92,0.491272542,0.516702285,0.5039874135,,,,,0.5039874135
205,-123.97,46.3,0.434756107,0.467700038,0.45122807249999997,,,,,0.45122807249999997
206,-123.96,45.27,0.504606158,0.525111927,0.5148590424999999,,,,,0.5148590424999999
207,-123.96,45.28,0.504606158,0.525111927,0.5148590424999999,,,,,0.5148590424999999
208,-123.96,45.28,0.504606158,0.525111927,0.5148590424999999,,,,,0.5148590424999999
209,-123.96,45.41,0.384346322,0.397806662,0.391076492,,,,,0.391076492
210,-123.96,45.42,0.446647044,0.459720365,0.4531837045,,,,,0.4531837045
211,-123.96,45.38,0.504606158,0.525111927,0.5148590424999999,,,,,0.5148590424999999
212,-123.96,45.51,0.490664119,0.511117241,0.50089068,,,,,0.50089068
213,-123.96,45.51,0.490664119,0.511117241,0.50089068,,,,,0.50089068
214,-123.96,45.57,0.441416785,0.465189629,0.453303207,,,,,0.453303207
215,-123.96,46.14,0.48508065,0.512086743,0.4985836965,,,,,0.4985836965
216,-123.96,46.64,0.450673205,0.48965911,0.4701661575,,,,,0.4701661575
217,-123.95,45.73,0.488644744,0.516130785,0.5023877645,,,,,0.5023877645
218,-123.95,45.98,0.491272542,0.516702285,0.5039874135,,,,,0.5039874135
219,-123.95,46.38,0.452653492,0.480364197,0.46650884449999996,,,,,0.46650884449999996
220,-123.95,46.6,0.447940808,0.481514845,0.4647278265,,,,,0.4647278265
221,-123.95,48.17,0.379211719,0.410572002,0.3948918605,,,,,0.3948918605
222,-123.94,45.51,0.396789122,0.412742226,0.40476567399999996,,,,,0.40476567399999996
223,-123.94,45.65,0.487603734,0.510351087,0.4989774105,,,,,0.4989774105
224,-123.94,45.66,0.487603734,0.510351087,0.4989774105,,,,,0.4989774105
225,-123.94,46.97,0.437907223,0.452830999,0.445369111,,,,,0.445369111
226,-123.93,45.41,0.384346322,0.397806662,0.391076492,,,,,0.391076492
227,-123.93,45.67,0.488550242,0.513438127,0.5009941845,,,,,0.5009941845
228,-123.93,45.69,0.488550242,0.513438127,0.5009941845,,,,,0.5009941845
229,-123.93,45.68,0.488550242,0.513438127,0.5009941845,,,,,0.5009941845
230,-123.93,46.0,0.486752639,0.515395999,0.501074319,,,,,0.501074319
231,-123.93,46.2,0.483640718,0.519792743,0.5017167305,,,,,0.5017167305
232,-123.93,46.44,0.452655939,0.483094201,0.46787507,,,,,0.46787507
233,-123.93,46.49,0.4543615,0.484010236,0.46918586799999995,,,,,0.46918586799999995
234,-123.93,46.72,0.485901266,0.509206932,0.497554099,0.3620000000000001,-0.13555409899999993,64.0,34.0,0.3620000000000001
235,-123.93,46.93,0.437907223,0.452830999,0.445369111,,,,,0.445369111
236,-123.92,39.88,0.402385657,0.418697549,0.410541603,,,,,0.410541603
237,-123.92,45.55,0.504606158,0.525111927,0.5148590424999999,,,,,0.5148590424999999
238,-123.92,45.71,0.487345826,0.511194212,0.499270019,,,,,0.499270019
239,-123.92,46.01,0.482383001,0.514549245,0.498466123,,,,,0.498466123
240,-123.92,46.25,0.482436303,0.516718263,0.49957728300000004,,,,,0.49957728300000004
241,-123.91,45.55,0.502870412,0.522063927,0.5124671695,,,,,0.5124671695
242,-123.9,45.53,0.381279728,0.396940959,0.38911034349999996,,,,,0.38911034349999996
243,-123.9,45.56,0.444341885,0.458697757,0.451519821,,,,,0.451519821
244,-123.89,45.47,0.384346322,0.397418735,0.39088252850000005,,,,,0.39088252850000005
245,-123.89,45.71,0.48639065,0.511194212,0.49879243100000004,,,,,0.49879243100000004
246,-123.89,46.54,0.453453316,0.482922061,0.46818768850000003,,,,,0.46818768850000003
247,-123.88,45.5,0.384346322,0.397418735,0.39088252850000005,,,,,0.39088252850000005
248,-123.88,46.16,0.484909382,0.529121162,0.5070152720000001,,,,,0.5070152720000001
249,-123.87,45.49,0.388352265,0.402517208,0.3954347365,,,,,0.3954347365
250,-123.87,45.5,0.384346322,0.397418735,0.39088252850000005,,,,,0.39088252850000005
251,-123.87,46.19,0.485729998,0.526011038,0.505870518,,,,,0.505870518
252,-123.87,46.24,0.487072859,0.520388554,0.5037307065,,,,,0.5037307065
253,-123.87,46.73,0.486730542,0.512293972,0.499512257,,,,,0.499512257
254,-123.86,46.7,0.447083643,0.465692678,0.4563881605,,,,,0.4563881605
255,-123.85,39.81,0.40305705,0.42052744,0.411792245,,,,,0.411792245
256,-123.85,46.16,0.484313389,0.530444904,0.5073791464999999,,,,,0.5073791464999999
257,-123.83,39.72,0.424859574,0.441993662,0.43342661800000004,,,,,0.43342661800000004
258,-123.83,46.17,0.490678998,0.535964811,0.5133219045,,,,,0.5133219045
259,-123.83,48.16,0.379211719,0.412128943,0.39567033100000004,,,,,0.39567033100000004
260,-123.82,39.36,0.421785529,0.443933299,0.432859414,,,,,0.432859414
261,-123.82,46.97,0.441490177,0.457028812,0.4492594945,,,,,0.4492594945
262,-123.81,39.46,0.421785529,0.443933299,0.432859414,,,,,0.432859414
263,-123.8,46.28,0.493366838,0.53042419,0.511895514,,,,,0.511895514
264,-123.79,39.27,0.424438141,0.44045599,0.4324470655,,,,,0.4324470655
265,-123.79,39.63,0.421785529,0.443933299,0.432859414,,,,,0.432859414
266,-123.77,39.54,0.421785529,0.443933299,0.432859414,,,,,0.432859414
267,-123.77,46.2,0.498796931,0.534682773,0.5167398519999999,,,,,0.5167398519999999
268,-123.76,39.19,0.4202556,0.435175968,0.427715784,,,,,0.427715784
269,-123.76,46.21,0.49789057,0.534682773,0.5162866715,0.1880000000000001,-0.32828667149999985,46.0,19.0,0.1880000000000001
270,-123.76,46.28,0.495149461,0.533528887,0.5143391740000001,,,,,0.5143391740000001
271,-123.75,46.29,0.495149461,0.533528887,0.5143391740000001,,,,,0.5143391740000001
272,-123.74,38.96,0.430119115,0.450664986,0.44039205049999997,,,,,0.44039205049999997
273,-123.73,46.18,0.500586178,0.544347237,0.5224667075,0.185,-0.3374667075,46.0,19.0,0.185
274,-123.73,46.29,0.49893937,0.533528887,0.5162341285000001,,,,,0.5162341285000001
275,-123.72,46.31,0.49893937,0.533528887,0.5162341285000001,,,,,0.5162341285000001
276,-123.71,39.11,0.417164057,0.431241277,0.424202667,,,,,0.424202667
277,-123.7,48.17,0.377598016,0.41603338,0.396815698,,,,,0.396815698
278,-123.69,38.89,0.439280438,0.461235822,0.45025813000000003,0.4669999999999998,0.01674186999999977,11.0,10.0,0.4669999999999998
279,-123.69,39.02,0.415804544,0.434718586,0.425261565,,,,,0.425261565
280,-123.69,46.31,0.49893937,0.533528887,0.5162341285000001,,,,,0.5162341285000001
281,-123.67,46.27,0.493221701,0.528856647,0.511039174,,,,,0.511039174
282,-123.65,46.18,0.502146373,0.544347237,0.523246805,,,,,0.523246805
283,-123.61,38.82,0.438342592,0.461235822,0.449789207,,,,,0.449789207
284,-123.6,46.26,0.490330187,0.522247484,0.5062888354999999,,,,,0.5062888354999999
285,-123.59,46.19,0.491678715,0.536689456,0.5141840854999999,,,,,0.5141840854999999
286,-123.56,48.15,0.376857787,0.415293152,0.3960754695,,,,,0.3960754695
287,-123.55,46.23,0.499289215,0.526875468,0.5130823415,,,,,0.5130823415
288,-123.54,38.77,0.43464843,0.45613735,0.44539289,,,,,0.44539289
289,-123.51,46.24,0.408662688,0.44530744,0.426985064,,,,,0.426985064
290,-123.5,46.27,0.438815133,0.472963574,0.45588935350000004,0.2340000000000002,-0.22188935349999983,10.0,10.0,0.2340000000000002
291,-123.45,38.71,0.427899287,0.450872622,0.4393859545,,,,,0.4393859545
292,-123.45,48.14,0.382866701,0.424409408,0.4036380545,0.7040000000000002,0.30036194550000017,230.0,31.0,0.7040000000000002
293,-123.44,46.2,0.360045626,0.409251221,0.3846484235,,,,,0.3846484235
294,-123.43,46.24,0.37837774,0.423794964,0.401086352,,,,,0.401086352
295,-123.39,38.63,0.427899287,0.450872622,0.4393859545,,,,,0.4393859545
296,-123.35,48.12,0.382866701,0.424409408,0.4036380545,,,,,0.4036380545
297,-123.31,38.56,0.427899287,0.449667459,0.43878337300000003,,,,,0.43878337300000003
298,-123.23,38.51,0.431826852,0.456591779,0.4442093155,,,,,0.4442093155
299,-123.23,48.12,0.408943984,0.444985816,0.4269649,,,,,0.4269649
300,-123.15,38.46,0.43239291,0.456591779,0.44449234449999997,,,,,0.44449234449999997
301,-123.11,47.38,0.485560235,0.493741761,0.489650998,,,,,0.489650998
302,-123.09,48.13,0.46279909,0.477883649,0.47034136950000005,,,,,0.47034136950000005
303,-123.08,38.38,0.430041595,0.454652142,0.4423468685,,,,,0.4423468685
304,-123.07,47.45,0.485560235,0.498934132,0.49224718349999996,,,,,0.49224718349999996
305,-123.06,47.45,0.484912212,0.499706732,0.49230947199999997,,,,,0.49230947199999997
306,-123.04,38.31,0.410718274,0.438567561,0.4246429175,,,,,0.4246429175
307,-123.02,47.52,0.495341306,0.506964743,0.5011530245,,,,,0.5011530245
308,-123.0,38.24,0.371171515,0.398791342,0.3849814285,,,,,0.3849814285
309,-122.99,37.99,0.381498161,0.401783924,0.3916410425,0.3759999999999999,-0.01564104250000009,10.0,10.0,0.3759999999999999
310,-122.98,38.08,0.380653089,0.401783924,0.3912185065,,,,,0.3912185065
311,-122.98,47.56,0.495689072,0.506964743,0.5013269075,,,,,0.5013269075
312,-122.97,47.59,0.495689072,0.506964743,0.5013269075,,,,,0.5013269075
313,-122.96,47.13,0.457864982,0.472276234,0.465070608,,,,,0.465070608
314,-122.95,38.16,0.37355876,0.400947614,0.387253187,,,,,0.387253187
315,-122.95,48.12,0.454453208,0.47129799,0.46287559899999997,,,,,0.46287559899999997
316,-122.9,47.65,0.506639609,0.533550561,0.520095085,,,,,0.520095085
317,-122.87,47.63,0.506179298,0.51601974,0.5110995190000001,,,,,0.5110995190000001
318,-122.85,38.01,0.380790513,0.400947614,0.3908690635,,,,,0.3908690635
319,-122.85,47.23,0.466983022,0.469599565,0.4682912935,,,,,0.4682912935
320,-122.85,47.14,0.466983022,0.468889379,0.4679362005,,,,,0.4679362005
321,-122.83,48.14,0.450856813,0.47618726,0.4635220365,,,,,0.4635220365
322,-122.81,48.93,0.542439388,0.682773771,0.6126065795,,,,,0.6126065795
323,-122.79,47.69,0.507637136,0.531856744,0.5197469400000001,,,,,0.5197469400000001
324,-122.78,47.71,0.503364808,0.527916116,0.515640462,,,,,0.515640462
325,-122.77,48.06,0.497849577,0.525394536,0.5116220565,,,,,0.5116220565
326,-122.76,37.94,0.380261203,0.400947614,0.3906044085,,,,,0.3906044085
327,-122.75,47.77,0.502754247,0.529102395,0.5159283210000001,,,,,0.5159283210000001
328,-122.74,47.16,0.466239946,0.481584807,0.4739123765,,,,,0.4739123765
329,-122.74,48.83,0.559887839,0.682773771,0.621330805,1.2730000000000001,0.6516691950000001,183.0,10.0,1.2730000000000001
330,-122.72,47.25,0.469884421,0.483348502,0.47661646150000003,,,,,0.47661646150000003
331,-122.71,47.99,0.505272303,0.527389747,0.5163310249999999,,,,,0.5163310249999999
332,-122.71,47.77,0.503309918,0.527315908,0.515312913,,,,,0.515312913
333,-122.69,47.84,0.532263803,0.550924877,0.5415943400000001,,,,,0.5415943400000001
334,-122.68,48.73,0.564503643,0.668628974,0.6165663084999999,,,,,0.6165663084999999
335,-122.65,47.92,0.528935985,0.547953447,0.5384447160000001,,,,,0.5384447160000001
336,-122.64,37.89,0.37645135,0.413709629,0.3950804895,,,,,0.3950804895
337,-122.63,47.17,0.504540281,0.524786602,0.5146634415,,,,,0.5146634415
338,-122.63,48.64,0.56226945,0.668456517,0.6153629835,,,,,0.6153629835
339,-122.62,47.84,0.534186388,0.548302844,0.541244616,,,,,0.541244616
340,-122.6,47.56,0.505717165,0.525568394,0.5156427795,,,,,0.5156427795
341,-122.6,47.28,0.519055669,0.539468896,0.5292622825,,,,,0.5292622825
342,-122.59,48.55,0.55753425,0.665952803,0.6117435265,,,,,0.6117435265
343,-122.58,47.63,0.532850452,0.5538428,0.5433466259999999,,,,,0.5433466259999999
344,-122.57,47.82,0.527106734,0.550909811,0.5390082725,,,,,0.5390082725
345,-122.56,47.72,0.53605529,0.54838757,0.54222143,,,,,0.54222143
346,-122.55,47.25,0.503647205,0.523387293,0.513517249,,,,,0.513517249
347,-122.55,48.45,0.5300614,0.547953447,0.5390074235,,,,,0.5390074235
348,-122.54,37.83,0.373512493,0.407932829,0.39072266099999997,,,,,0.39072266099999997
349,-122.54,47.91,0.513454306,0.52970767,0.521580988,,,,,0.521580988
350,-122.54,47.37,0.523982115,0.548772031,0.536377073,,,,,0.536377073
351,-122.54,48.22,0.535266446,0.552382614,0.54382453,,,,,0.54382453
352,-122.52,37.56,0.366948836,0.402723884,0.38483636,,,,,0.38483636
353,-122.51,37.77,0.366948836,0.402723884,0.38483636,,,,,0.38483636
354,-122.51,47.46,0.508680816,0.531009998,0.519845407,,,,,0.519845407
355,-122.5,37.49,0.371746638,0.402723884,0.387235261,,,,,0.387235261
356,-122.5,37.67,0.366948836,0.402723884,0.38483636,,,,,0.38483636
357,-122.5,38.03,0.36584895,0.398733411,0.3822911805,,,,,0.3822911805
358,-122.49,37.95,0.36440215,0.397806065,0.3811041075,,,,,0.3811041075
359,-122.49,37.86,0.36440215,0.399579447,0.38199079849999995,,,,,0.38199079849999995
360,-122.46,48.16,0.533531431,0.549209571,0.5413705010000001,,,,,0.5413705010000001
361,-122.45,38.12,0.362389129,0.393955593,0.37817236099999996,,,,,0.37817236099999996
362,-122.43,37.96,0.319976285,0.349598836,0.3347875605,,,,,0.3347875605
363,-122.43,47.32,0.484620551,0.510984351,0.497802451,,,,,0.497802451
364,-122.42,37.23,0.300995793,0.331272727,0.31613426,,,,,0.31613426
365,-122.42,37.39,0.333899239,0.365420727,0.349659983,,,,,0.349659983
366,-122.42,37.81,0.319976285,0.351372218,0.3356742515,0.316,-0.019674251500000017,4.0,4.0,0.316
367,-122.42,47.67,0.504284223,0.535182578,0.5197334005,,,,,0.5197334005
368,-122.41,37.31,0.332336874,0.3637168,0.34802683700000003,,,,,0.34802683700000003
369,-122.41,38.15,0.336619397,0.368925745,0.35277257100000003,,,,,0.35277257100000003
370,-122.4,47.59,0.459895791,0.49088548,0.4753906355,0.8250000000000002,0.3496093645000002,102.0,4.0,0.8250000000000002
371,-122.39,37.71,0.2875328,0.322955486,0.305244143,,,,,0.305244143
372,-122.38,47.76,0.472909633,0.50559495,0.4892522915,,,,,0.4892522915
373,-122.37,37.17,0.261300862,0.295503564,0.278402213,,,,,0.278402213
374,-122.37,37.61,0.286559938,0.313885455,0.3002226965,,,,,0.3002226965
375,-122.36,47.48,0.456183806,0.487702396,0.47194310100000003,,,,,0.47194310100000003
376,-122.35,38.01,0.291952246,0.329421314,0.31068678000000005,,,,,0.31068678000000005
377,-122.35,48.11,0.4745813,0.502588269,0.4885847845,,,,,0.4885847845
378,-122.34,37.81,0.292686892,0.329303927,0.3109954095,,,,,0.3109954095
379,-122.34,47.85,0.47753398,0.507615858,0.492574919,,,,,0.492574919
380,-122.33,38.12,0.314093236,0.348209486,0.331151361,,,,,0.331151361
381,-122.33,47.39,0.444486845,0.478260298,0.4613735715,,,,,0.4613735715
382,-122.32,37.9,0.291952246,0.329421314,0.31068678000000005,,,,,0.31068678000000005
383,-122.31,47.94,0.4745813,0.504574549,0.4895779245,,,,,0.4895779245
384,-122.29,37.1,0.260738154,0.295171055,0.2779546045,,,,,0.2779546045
385,-122.26,37.57,0.340193808,0.345317439,0.3427556235,,,,,0.3427556235
386,-122.26,37.76,0.298531641,0.314747877,0.306639759,0.30099999999999993,-0.0056397590000000775,3.0,3.0,0.30099999999999993
387,-122.26,38.06,0.31370135,0.3478176,0.330759475,,,,,0.330759475
388,-122.26,48.04,0.476503885,0.505279019,0.49089145200000006,,,,,0.49089145200000006
389,-122.23,37.04,0.260738154,0.292732655,0.2767354045,,,,,0.2767354045
390,-122.19,37.7,0.302821469,0.324138523,0.313479996,,,,,0.313479996
391,-122.16,37.5,0.373238287,0.384033823,0.37863605499999997,,,,,0.37863605499999997
392,-122.15,37.62,0.345451365,0.349985866,0.3477186155,0.28,-0.06771861549999997,13.0,11.0,0.28
393,-122.14,36.97,0.284545086,0.292732655,0.28863887050000003,,,,,0.28863887050000003
394,-122.12,37.53,0.382106535,0.398809336,0.3904579355,,,,,0.3904579355
395,-122.05,37.46,0.379376615,0.395004079,0.387190347,,,,,0.387190347
396,-122.02,36.96,0.2727104,0.290564457,0.2816374285,,,,,0.2816374285
397,-121.96,36.6,0.273345257,0.289340308,0.2813427825,,,,,0.2813427825
398,-121.95,36.97,0.27766848,0.294744571,0.28620652550000003,,,,,0.28620652550000003
399,-121.94,36.64,0.27766848,0.298385309,0.28802689449999996,,,,,0.28802689449999996
400,-121.93,36.53,0.276132,0.2980528,0.2870924,,,,,0.2870924
401,-121.92,36.43,0.276654514,0.298385309,0.2875199115,,,,,0.2875199115
402,-121.87,36.94,0.289868914,0.296758286,0.29331359999999995,,,,,0.29331359999999995
403,-121.85,36.28,0.274738629,0.290559508,0.28264906850000004,,,,,0.28264906850000004
404,-121.84,36.64,0.27766848,0.298385309,0.28802689449999996,,,,,0.28802689449999996
405,-121.84,36.89,0.2774708,0.294744571,0.2861076855,,,,,0.2861076855
406,-121.81,36.75,0.260738154,0.2980528,0.279395477,,,,,0.279395477
407,-121.75,36.21,0.27612416,0.2980528,0.28708848,,,,,0.28708848
408,-121.68,36.17,0.281223947,0.290559508,0.2858917275,,,,,0.2858917275
409,-121.64,36.12,0.281223947,0.290559508,0.2858917275,,,,,0.2858917275
410,-121.54,36.01,0.303344857,0.330290691,0.316817774,,,,,0.316817774
411,-121.49,35.98,0.4210024,0.441172057,0.43108722850000003,,,,,0.43108722850000003
412,-121.46,35.9,0.528547543,0.543253714,0.5359006285,,,,,0.5359006285
413,-121.36,35.81,0.528547543,0.543253714,0.5359006285,,,,,0.5359006285
414,-121.32,35.75,0.528547543,0.543253714,0.5359006285,,,,,0.5359006285
415,-121.23,35.65,0.528547543,0.543253714,0.5359006285,,,,,0.5359006285
416,-121.16,35.62,0.528924554,0.545538764,0.537231659,,,,,0.537231659
417,-121.1,35.55,0.533141029,0.545538764,0.5393398965,,,,,0.5393398965
418,-121.04,35.49,0.563587086,0.581036171,0.5723116285000001,,,,,0.5723116285000001
419,-121.0,35.46,0.563587086,0.581036171,0.5723116285000001,,,,,0.5723116285000001
420,-120.9,35.27,0.565590057,0.582037657,0.573813857,,,,,0.573813857
421,-120.89,35.24,0.563858092,0.582037657,0.5729478745000001,,,,,0.5729478745000001
422,-120.87,35.4,0.565590057,0.582037657,0.573813857,,,,,0.573813857
423,-120.84,35.2,0.565590057,0.582037657,0.573813857,,,,,0.573813857
424,-120.77,35.16,0.565851314,0.582298914,0.574075114,0.4149999999999999,-0.15907511400000007,10.0,7.0,0.4149999999999999
425,-120.72,35.18,0.565851314,0.582298914,0.574075114,,,,,0.574075114
426,-120.67,34.9,0.567244686,0.582298914,0.5747717999999999,,,,,0.5747717999999999
427,-120.67,34.93,0.567244686,0.582298914,0.5747717999999999,,,,,0.5747717999999999
428,-120.64,34.57,0.548759692,0.58490144,0.5668305659999999,,,,,0.5668305659999999
429,-120.64,35.01,0.565851314,0.582298914,0.574075114,,,,,0.574075114
430,-120.63,34.63,0.548759692,0.58490144,0.5668305659999999,,,,,0.5668305659999999
431,-120.63,34.77,0.568246171,0.583801143,0.5760236569999999,,,,,0.5760236569999999
432,-120.63,35.1,0.565851314,0.582298914,0.574075114,,,,,0.574075114
433,-120.61,34.71,0.549486523,0.58490144,0.5671939815,,,,,0.5671939815
434,-120.61,34.84,0.567244686,0.582298914,0.5747717999999999,,,,,0.5747717999999999
435,-120.54,34.54,0.549205169,0.58490144,0.5670533045,,,,,0.5670533045
436,-120.48,34.46,0.570239782,0.58490144,0.5775706110000001,,,,,0.5775706110000001
437,-120.39,34.46,0.567114057,0.583801143,0.5754576,,,,,0.5754576
438,-120.28,34.47,0.562259029,0.577052,0.5696555145,,,,,0.5696555145
439,-120.17,34.47,0.565741886,0.577052,0.571396943,,,,,0.571396943
440,-120.08,34.46,0.563369371,0.577052,0.5702106855,,,,,0.5702106855
441,-119.95,34.43,0.562171943,0.577052,0.5696119715,,,,,0.5696119715
442,-119.85,34.4,0.56727424,0.5768996,0.57208692,,,,,0.57208692
443,-119.73,34.39,0.567733829,0.575506229,0.571620029,,,,,0.571620029
444,-119.7,34.4,0.567341943,0.575506229,0.5714240859999999,,,,,0.5714240859999999
445,-119.61,34.41,0.5621284,0.575919886,0.569024143,,,,,0.569024143
446,-119.48,34.37,0.537153846,0.5717508,0.554452323,,,,,0.554452323
447,-119.39,34.32,0.536638031,0.5705316,0.5535848155,,,,,0.5535848155
448,-119.31,34.27,0.536638031,0.573862629,0.55525033,,,,,0.55525033
449,-119.24,34.18,0.536708369,0.5705316,0.5536199845,,,,,0.5536199845
450,-119.16,34.12,0.537341415,0.5753104,0.5563259075,,,,,0.5563259075
451,-119.04,34.08,0.537341415,0.573257383,0.5552993989999999,,,,,0.5552993989999999
452,-118.93,34.04,0.537341415,0.5753104,0.5563259075,,,,,0.5563259075
453,-118.85,34.03,0.537341415,0.5753104,0.5563259075,,,,,0.5563259075
454,-118.7,34.03,0.537341415,0.5699904,0.5536659075,,,,,0.5536659075
455,-118.6,34.04,0.537341415,0.5753104,0.5563259075,,,,,0.5563259075
456,-118.56,34.04,0.537341415,0.5753104,0.5563259075,,,,,0.5563259075
457,-118.44,33.93,0.536473908,0.570271307,0.5533726075000001,,,,,0.5533726075000001
458,-118.43,33.78,0.5365208,0.57539168,0.55595624,,,,,0.55595624
459,-118.41,33.74,0.536544246,0.576359669,0.5564519575,,,,,0.5564519575
460,-118.41,33.86,0.536497354,0.570291627,0.5533944905,,,,,0.5533944905
461,-118.34,33.72,0.536544246,0.57539168,0.555967963,,,,,0.555967963
462,-118.26,33.72,0.536544246,0.576359669,0.5564519575,0.3430000000000001,-0.2134519574999999,14.0,12.0,0.3430000000000001
463,-118.12,33.74,0.536544246,0.57412824,0.555336243,,,,,0.555336243
464,-118.04,33.68,0.536544246,0.57412824,0.555336243,,,,,0.555336243
465,-117.97,33.63,0.536684923,0.57728144,0.5569831815,,,,,0.5569831815
466,-117.89,33.6,0.536638031,0.57726112,0.5569495755,,,,,0.5569495755
467,-117.82,33.55,0.534340308,0.56777168,0.5510559939999999,,,,,0.5510559939999999
468,-117.74,33.49,0.534340308,0.56777168,0.5510559939999999,,,,,0.5510559939999999
469,-117.72,33.46,0.530354462,0.5656584,0.548006431,,,,,0.548006431
470,-117.6,33.38,0.530354462,0.5656584,0.548006431,,,,,0.548006431
471,-117.56,33.37,0.530354462,0.5656584,0.548006431,,,,,0.548006431
472,-117.43,33.25,0.521351138,0.55860736,0.5399792489999999,,,,,0.5399792489999999
473,-117.37,33.18,0.521351138,0.55860736,0.5399792489999999,,,,,0.5399792489999999
474,-117.3,33.04,0.511175508,0.549130286,0.530152897,,,,,0.530152897
475,-117.28,32.82,0.511175508,0.549130286,0.530152897,,,,,0.530152897
476,-117.28,32.84,0.511175508,0.549130286,0.530152897,,,,,0.530152897
477,-117.26,32.72,0.511175508,0.549130286,0.530152897,,,,,0.530152897
478,-117.25,32.67,0.488901662,0.524376171,0.5066389165,,,,,0.5066389165
479,-117.14,32.62,0.482758769,0.508678971,0.49571887000000003,,,,,0.49571887000000003
480,-97.63888937,27.25773194,0.612283816,0.684971232,0.648627524,,,,,0.648627524
481,-97.56587116,27.31670067,0.612355817,0.68552936,0.6489425885,,,,,0.6489425885
482,-97.54125458,27.23300458,0.616669371,0.68977945,0.6532244105,,,,,0.6532244105
483,-97.53698075,27.28947727,0.621798751,0.699129647,0.660464199,,,,,0.660464199
484,-97.48932461,27.37106728,0.664911158,0.747833677,0.7063724175,,,,,0.7063724175
485,-97.43258852,27.2688886,0.623309766,0.710403689,0.6668567274999999,0.268,-0.3988567274999999,32.0,30.0,0.268
486,-97.42189352,26.55633833,0.614697842,0.700638486,0.6576681639999999,,,,,0.6576681639999999
487,-97.40832061,27.32189539,0.61936365,0.702615562,0.660989606,,,,,0.660989606
488,-97.39328006,27.29395389,0.61936365,0.702615562,0.660989606,,,,,0.660989606
489,-97.37782444,27.85815809,0.510025948,0.533469538,0.5217477429999999,,,,,0.5217477429999999
490,-97.37040721,27.0571548,0.416168978,0.496516719,0.4563428485,,,,,0.4563428485
491,-97.36671528,27.76071598,0.484428468,0.517232687,0.5008305775,,,,,0.5008305775
492,-97.35874260000001,26.89082445,0.413083331,0.481919979,0.447501655,,,,,0.447501655
493,-97.35073645000001,27.20130063,0.400563411,0.479325922,0.43994466649999997,,,,,0.43994466649999997
494,-97.32374875,26.74359608,0.402460458,0.464045638,0.433253048,,,,,0.433253048
495,-97.30864728,27.36945178,0.392782576,0.483752408,0.43826749200000004,,,,,0.43826749200000004
496,-97.28987694000001,27.71319153,0.42595087,0.479727245,0.4528390575,,,,,0.4528390575
497,-97.28560083,26.60655162,0.380133163,0.455103589,0.41761837599999996,,,,,0.41761837599999996
498,-97.28097459,27.85388309,0.411641892,0.43980281,0.425722351,,,,,0.425722351
499,-97.2475206,27.63515425,0.417315239,0.483653434,0.45048433649999997,0.288,-0.1624843365,44.0,28.0,0.288
500,-97.22970962,26.4709389,0.376594422,0.455606578,0.4161005,,,,,0.4161005
501,-97.22091603,27.56135637,0.393063957,0.452674923,0.42286944000000004,,,,,0.42286944000000004
502,-97.21537126,26.06147023,0.397450187,0.407502861,0.402476524,0.41000000000000003,0.007523476000000029,4.0,4.0,0.41000000000000003
503,-97.19877071,26.35005587,0.37442073,0.454967257,0.4146939935,,,,,0.4146939935
504,-97.19302845,27.80647854,0.428568232,0.482815816,0.455692024,,,,,0.455692024
505,-97.17734845,26.25359238,0.360343382,0.454944315,0.4076438485,,,,,0.4076438485
506,-97.16617072,26.16698696,0.361970051,0.46005054,0.4110102955,,,,,0.4110102955
507,-97.15540792,26.06754396,0.376336697,0.398460138,0.38739841750000004,,,,,0.38739841750000004
508,-97.14622,25.958594,0.387774888,0.431244999,0.40950994350000003,-0.011,-0.42050994350000004,121.0,68.0,-0.011
509,-97.13249719,27.71401109,0.38064676,0.451902513,0.41627463649999996,,,,,0.41627463649999996
510,-97.06560094,27.84141992,0.392095612,0.475048029,0.4335718205,,,,,0.4335718205
511,-97.0235728,27.83255668,0.351431729,0.374018046,0.3627248875,,,,,0.3627248875
512,-96.92188606,27.9822494,0.352996697,0.383690431,0.368343564,,,,,0.368343564
513,-96.83456807,28.41372501,0.464615605,0.497558881,0.481087243,,,,,0.481087243
514,-96.79357528000001,28.09844015,0.590988824,0.659670665,0.6253297445,,,,,0.6253297445
515,-96.77484309,28.22158583,0.675316676,0.729757151,0.7025369135,,,,,0.7025369135
516,-96.71601642,28.40172249,0.727987906,0.768311193,0.7481495494999999,,,,,0.7481495494999999
517,-96.69459267,28.32134988,0.714828978,0.758753674,0.7367913260000001,,,,,0.7367913260000001
518,-96.64860076,28.20569459,0.744092862,0.783899266,0.7639960640000001,,,,,0.7639960640000001
519,-96.60168493,28.63965528,0.782208828,0.823252615,0.8027307215,,,,,0.8027307215
520,-96.51795705,28.58594306,0.782208828,0.823252615,0.8027307215,0.353,-0.44973072150000004,10.0,10.0,0.353
521,-96.51429103,28.27469191,0.720422435,0.790874482,0.7556484585000001,,,,,0.7556484585000001
522,-96.50462606,28.37561169,0.762834978,0.804203077,0.7835190275,,,,,0.7835190275
523,-96.38309821,28.4468651,0.784894878,0.814383478,0.7996391780000001,,,,,0.7996391780000001
524,-96.32950003,28.42700575,0.784114804,0.813933231,0.7990240175000001,,,,,0.7990240175000001
525,-96.2796656,28.66200418,0.792757553,0.823252615,0.8080050839999999,,,,,0.8080050839999999
526,-96.16758652,28.51049978,0.790215228,0.823072054,0.806643641,,,,,0.806643641
527,-96.1330247,28.60057448,0.792757553,0.823252615,0.8080050839999999,,,,,0.8080050839999999
528,-96.02927749,28.57198211,0.793187116,0.823643554,0.8084153350000001,,,,,0.8084153350000001
529,-95.87763748,28.63050333,0.792300993,0.823643554,0.8079722735,,,,,0.8079722735
530,-95.72933021,28.69630072,0.792300993,0.823056264,0.8076786284999999,,,,,0.8076786284999999
531,-95.6061645,28.75504492,0.82073629,0.82331404,0.822025165,,,,,0.822025165
532,-95.45611156,28.83255966,0.800853326,0.806689735,0.8037715304999999,,,,,0.8037715304999999
533,-95.2971395,28.92711156,0.717663595,0.729188787,0.7234261909999999,,,,,0.7234261909999999
534,-95.18915848,29.00846222,0.68982867,0.704373661,0.6971011655,,,,,0.6971011655
535,-95.11347954,29.07828273,0.65323598,0.663428251,0.6583321155,,,,,0.6583321155
536,-95.00387104,29.55268217,0.700755431,0.721479244,0.7111173375,,,,,0.7111173375
537,-94.98356128,29.68576694,0.695892446,0.719179744,0.707536095,0.256,-0.451536095,62.0,30.0,0.256
538,-94.96959707,29.17141144,0.616112006,0.681391394,0.6487517,,,,,0.6487517
539,-94.90634364,29.48567546,0.646114032,0.740855018,0.6934845249999999,0.193,-0.5004845249999998,202.0,76.0,0.193
540,-94.88306654,29.3023361,0.613380584,0.684531435,0.6489560095,,,,,0.6489560095
541,-94.87056114,29.39745791,0.63789991,0.726357023,0.6821284665,,,,,0.6821284665
542,-94.85889652,29.68161262,0.700772944,0.725355613,0.7130642785,,,,,0.7130642785
543,-94.7896287,29.26565339,0.611957752,0.668051943,0.6400048475,0.259,-0.38100484749999997,86.0,47.0,0.259
544,-94.74225036,29.58601708,0.696390586,0.714393837,0.7053922115,,,,,0.7053922115
545,-94.73225212,29.7597596,0.669169341,0.696209348,0.6826893445,,,,,0.6826893445
546,-94.72725299,29.43664906,0.635104731,0.684329927,0.659717329,,,,,0.659717329
547,-94.68726002,29.53383584,0.676353503,0.705343482,0.6908484925,,,,,0.6908484925
548,-94.65654247,29.3445646,0.620840773,0.682904008,0.6518723904999999,,,,,0.6518723904999999
549,-94.59466296,29.45387677,0.646208947,0.663524914,0.6548669305,,,,,0.6548669305
550,-94.51386039,29.52322358,0.664882397,0.716360792,0.6906215945,,,,,0.6906215945
551,-94.41469459,29.5269807,0.673736088,0.697749646,0.685742867,,,,,0.685742867
552,-94.39223783000001,29.59605086,0.691226175,0.721740309,0.706483242,,,,,0.706483242
553,-94.26172148,29.5895992,0.673226564,0.704983982,0.689105273,,,,,0.689105273
554,-94.12859155,29.64045972,0.665945756,0.676767696,0.671356726,0.43500000000000005,-0.2363567259999999,12.0,10.0,0.43500000000000005
555,-93.98694977,29.67666126,0.584730946,0.597464948,0.591097947,0.2699999999999999,-0.32109794700000005,14.0,13.0,0.2699999999999999
556,-93.93153071,29.86726771,0.611623375,0.626931192,0.6192772835,,,,,0.6192772835
557,-93.83372336,29.6857561,0.618514593,0.625606606,0.6220605994999999,0.509,-0.11306059949999991,61.0,47.0,0.509
558,-93.72532909,29.73310964,0.568473243,0.5813382,0.5749057215,,,,,0.5749057215
559,-93.58702006,29.75191871,0.556377845,0.571588953,0.563983399,,,,,0.563983399
560,-93.45371016,29.76493831,0.555681845,0.569928936,0.5628053905,,,,,0.5628053905
561,-93.34189974,29.75824594,0.555956165,0.570079543,0.5630178539999999,0.785,0.2219821460000001,53.0,33.0,0.785
562,-93.24252195,29.76987257,0.555742805,0.570079543,0.5629111739999999,,,,,0.5629111739999999
563,-93.06421995,29.73370463,0.555745996,0.577889043,0.5668175195,,,,,0.5668175195
564,-92.87591971,29.66712153,0.590808938,0.611502442,0.60115569,,,,,0.60115569
565,-92.7250129,29.6037398,0.600939724,0.615361656,0.60815069,,,,,0.60815069
566,-92.56670739,29.56751205,0.597262405,0.634414181,0.615838293,,,,,0.615838293
567,-92.413401,29.53707069,0.588637813,0.632094757,0.610366285,,,,,0.610366285
568,-92.30346262,29.53146734,0.594387972,0.624045579,0.6092167755,0.517,-0.09221677549999996,68.0,50.0,0.517
569,-92.17011043,29.57186006,0.609921347,0.636271125,0.6230962360000001,,,,,0.6230962360000001
570,-92.09179086,29.68657993,0.62579096,0.653473043,0.6396320015,,,,,0.6396320015
571,-91.97781089,29.53533091,0.608365544,0.634478775,0.6214221595,0.682,0.060577840500000035,11.0,10.0,0.682
572,-91.8668304,29.64227184,0.637954665,0.661029393,0.6494920289999999,,,,,0.6494920289999999
573,-91.8668304,29.80897713,0.627932508,0.643785705,0.6358591065,,,,,0.6358591065
574,-91.74985096,29.51184091,0.626862681,0.659490196,0.6431764385000001,,,,,0.6431764385000001
575,-91.63887046,29.72826384,0.58430781,0.619675864,0.6019918369999999,,,,,0.6019918369999999
576,-91.5578847,29.59011969,0.585583079,0.619284931,0.602434005,,,,,0.602434005
577,-91.44150515,29.4507414,0.554718446,0.595243122,0.574980784,,,,,0.574980784
578,-91.29153151000001,29.3775825,0.540186635,0.581484941,0.560835788,,,,,0.560835788
579,-91.26453625,29.22587175,0.550852432,0.596210975,0.5735317035,,,,,0.5735317035
580,-91.2376,29.6675,0.599365826,0.624005904,0.611685865,1.282,0.670314135,145.0,40.0,1.282
581,-91.0370429,29.16384388,0.549473552,0.588863965,0.5691687585,,,,,0.5691687585
582,-90.92206311,29.10853416,0.536732156,0.556110122,0.546421139,,,,,0.546421139
583,-90.76209123,29.0269709,0.542321946,0.559764104,0.551043025,,,,,0.551043025
584,-90.54859542,29.00173149,0.600879761,0.64920238,0.6250410705,,,,,0.6250410705
585,-90.2300514,29.03950088,0.546950728,0.597887998,0.5724193630000001,,,,,0.5724193630000001
586,-90.1900251,30.32471554,0.580104171,0.596980739,0.588542455,,,,,0.588542455
587,-90.11105139,30.03067884,0.600876524,0.605847127,0.6033618255,0.32499999999999996,-0.2783618255,106.0,53.0,0.32499999999999996
588,-90.08739538,29.1435654,0.550222863,0.599639209,0.574931036,,,,,0.574931036
589,-89.93981742,29.25262849,0.585839887,0.597537925,0.591688906,0.384,-0.207688906,36.0,28.0,0.384
590,-89.74010418,29.27579842,0.586967439,0.596805237,0.591886338,,,,,0.591886338
591,-89.67242736,29.8739811,0.576963657,0.596996938,0.5869802975,0.031,-0.5559802975,118.0,57.0,0.031
592,-89.60812737,29.13703694,0.592459514,0.601984313,0.5972219135,,,,,0.5972219135
593,-89.58533138,30.14279381,0.569946868,0.588662035,0.5793044515000001,,,,,0.5793044515000001
594,-89.53614003,29.57101946,0.573081216,0.589189652,0.5811354339999999,,,,,0.5811354339999999
595,-89.42995452,30.20818555,0.528650979,0.558229056,0.5434400175,,,,,0.5434400175
596,-89.40990605,28.90952253,0.620984699,0.708566816,0.6647757575,0.1069999999999999,-0.5577757575000001,282.0,138.0,0.1069999999999999
597,-89.4071627,29.41437175,0.569382778,0.581609791,0.5754962845,,,,,0.5754962845
598,-89.37716797,29.10821386,0.568065056,0.580281087,0.5741730715,,,,,0.5741730715
599,-89.31997682,30.32391937,0.536778588,0.553675148,0.545226868,0.263,-0.28222686799999996,54.0,34.0,0.263
600,-89.27518589,28.92985577,0.620471019,0.702456458,0.6614637385,,,,,0.6614637385
601,-89.25119011,29.79772746,0.556672177,0.576823961,0.566748069,,,,,0.566748069
602,-89.14833735,30.33626959,0.515550471,0.553477402,0.5345139365,,,,,0.5345139365
603,-89.01723123,29.33072737,0.586383339,0.593198728,0.5897910335,,,,,0.5897910335
604,-89.00336283,30.3794063,0.512886176,0.550787697,0.5318369365,,,,,0.5318369365
605,-88.98423703,29.08724655,0.579039151,0.600964707,0.590001929,,,,,0.590001929
606,-88.80106505,30.35640242,0.511584311,0.550207052,0.5308956815,,,,,0.5308956815
607,-88.56006638,30.33620164,0.523687004,0.55370223,0.538694617,0.3309999999999999,-0.20769461700000008,26.0,15.0,0.3309999999999999
608,-88.34476747,30.39159616,0.598803543,0.62497886,0.6118912015,,,,,0.6118912015
609,-88.20868028,30.35325814,0.60493555,0.62133399,0.61313477,,,,,0.61313477
610,-88.09610747,30.38517559,0.589566249,0.616475494,0.6030208715,,,,,0.6030208715
611,-88.09414485,30.50403136,0.601599731,0.623284625,0.612442178,,,,,0.612442178
612,-88.07106565,30.24376684,0.61742903,0.624193266,0.620811148,0.267,-0.353811148,22.0,11.0,0.267
613,-88.06481667,30.57894792,0.597827221,0.620364507,0.6090958639999999,0.23099999999999993,-0.378095864,26.0,11.0,0.23099999999999993
614,-88.05194883,30.64634873,0.597219826,0.617025167,0.6071224964999999,0.2109999999999999,-0.39612249650000003,52.0,32.0,0.2109999999999999
615,-88.03534037,30.22663611,0.61410234,0.630259031,0.6221806855,0.263,-0.35918068550000004,22.0,10.0,0.263
616,-88.02682006,30.6566508,0.596673372,0.615788074,0.606230723,0.2099999999999999,-0.3962307230000001,52.0,32.0,0.2099999999999999
617,-87.95387321,30.22423638,0.627642736,0.64567631,0.6366595230000001,,,,,0.6366595230000001
618,-87.93817226,30.64205107,0.631294688,0.653114625,0.6422046564999999,,,,,0.6422046564999999
619,-87.92817402,30.46410969,0.635543497,0.662083726,0.6488136115,,,,,0.6488136115
620,-87.9231749,30.58755532,0.639117462,0.657605703,0.6483615825,,,,,0.6483615825
621,-87.91984215,30.53876998,0.637109829,0.66414679,0.6506283095000001,,,,,0.6506283095000001
622,-87.89817929,30.39370431,0.620608171,0.652836392,0.6367222815,,,,,0.6367222815
623,-87.83152434,30.33906926,0.658291495,0.695254164,0.6767728295,,,,,0.6767728295
624,-87.81593449,30.2250363,0.697123757,0.716809714,0.7069667355,,,,,0.7069667355
625,-87.77153488,30.29303713,0.681141135,0.70870696,0.6949240475,,,,,0.6949240475
626,-87.69651103,30.2410332,0.711521927,0.733900343,0.722711135,,,,,0.722711135
627,-87.60782292,30.2551723,0.723194653,0.743180555,0.733187604,,,,,0.733187604
628,-87.50284137,30.27532179,0.756530622,0.775854115,0.7661923685,,,,,0.7661923685
629,-87.35786685,30.29978347,0.658457086,0.755592871,0.7070249785,,,,,0.7070249785
630,-87.20124016,30.40329519,0.70113148,0.771462891,0.7362971855,0.2780000000000001,-0.4582971854999999,12.0,7.0,0.2780000000000001
631,-87.16820759,30.31839264,0.644620533,0.699561638,0.6720910855,,,,,0.6720910855
632,-86.97750036,30.35434778,0.637037049,0.712634644,0.6748358465,,,,,0.6748358465
633,-86.82456428,30.37751188,0.633690575,0.70304911,0.6683698425,,,,,0.6683698425
634,-86.65059486,30.39044943,0.635074717,0.703901056,0.6694878865,,,,,0.6694878865
635,-86.51302233,30.38157967,0.613321528,0.697157321,0.6552394245,,,,,0.6552394245
636,-86.40614811,30.37474667,0.577168991,0.673139468,0.6251542295,,,,,0.6251542295
637,-86.28950194,30.35717392,0.576635391,0.671517654,0.6240765225,,,,,0.6240765225
638,-86.20940079,30.33651568,0.575657551,0.638846875,0.607252213,,,,,0.607252213
639,-86.12813936,30.31209869,0.58412179,0.648786738,0.6164542639999999,,,,,0.6164542639999999
640,-86.05726704,30.2872315,0.583674509,0.647147705,0.6154111069999999,,,,,0.6154111069999999
641,-85.9952409,30.26564522,0.577353449,0.626625569,0.601989509,,,,,0.601989509
642,-85.94884302,30.24117898,0.576889069,0.613206796,0.5950479325,,,,,0.5950479325
643,-85.89885181,30.21798265,0.576838792,0.612702921,0.5947708565000001,,,,,0.5947708565000001
644,-85.85071212,30.19318053,0.571562642,0.609101862,0.5903322520000001,,,,,0.5903322520000001
645,-85.80164667,30.16437023,0.641113047,0.719900283,0.680506665,,,,,0.680506665
646,-85.75535851,30.12914619,0.641831555,0.722489692,0.6821606235,,,,,0.6821606235
647,-85.7135963,30.21655692,0.654361051,0.804478711,0.729419881,,,,,0.729419881
648,-85.69026707,30.08831685,0.659085752,0.800695605,0.7298906785,,,,,0.7298906785
649,-85.67130685,30.15562469,0.680270306,0.797239258,0.738754782,0.273,-0.465754782,14.0,4.0,0.273
650,-85.64027586,30.06668694,0.666557336,0.802703699,0.7346305175000001,,,,,0.7346305175000001
651,-85.59195102,30.04072482,0.67587017,0.805558062,0.740714116,,,,,0.740714116
652,-85.56195629,30.10561737,0.669523917,0.800498382,0.7350111495,,,,,0.7350111495
653,-85.53862705,29.99743948,0.727868366,0.829879906,0.778874136,,,,,0.778874136
654,-85.51363145,29.96424127,0.73756295,0.828194835,0.7828788925000001,,,,,0.7828788925000001
655,-85.43531188,29.94402823,0.662065958,0.754063798,0.7080648780000001,,,,,0.7080648780000001
656,-85.42307184,29.8094808,0.640542598,0.818058963,0.7293007805,,,,,0.7293007805
657,-85.37141425,29.89619622,0.661182038,0.750699297,0.7059406675,,,,,0.7059406675
658,-85.36641513,29.66768383,0.648114132,0.821269041,0.7346915865,,,,,0.7346915865
659,-85.21037589,29.66223946,0.668330357,0.697562444,0.6829464005,,,,,0.6829464005
660,-85.05207038,29.5767707,0.662585335,0.730702293,0.696643814,,,,,0.696643814
661,-84.97945001,29.71195177,0.647768091,0.706864781,0.677316436,0.16,-0.517316436,28.0,9.0,0.16
662,-84.81711167,29.66658339,0.668178006,0.761081234,0.71462962,,,,,0.71462962
663,-84.67713627,29.76354897,0.664701482,0.819734923,0.7422182024999999,,,,,0.7422182024999999
664,-84.66047253,29.82283988,0.665100308,0.815338116,0.740219212,,,,,0.740219212
665,-84.54549274,29.88931955,0.6733555,0.830883245,0.7521193724999999,,,,,0.7521193724999999
666,-84.46883955,29.9095437,0.657562617,0.819763147,0.738662882,,,,,0.738662882
667,-84.34364674,30.01187906,0.743292871,0.899861067,0.821576969,,,,,0.821576969
668,-84.34086945,29.96296706,0.760161724,0.920300596,0.8402311600000001,,,,,0.8402311600000001
669,-84.32053228,29.91532128,0.664262483,0.901474714,0.7828685985,,,,,0.7828685985
670,-84.2816206,30.05515809,0.754122796,0.907929302,0.831026049,,,,,0.831026049
671,-84.1733063,30.06717668,0.720318571,0.872572502,0.7964455365,,,,,0.7964455365
672,-84.06314048,30.09281148,0.707722391,0.871281584,0.7895019875,,,,,0.7895019875
673,-83.99926282,30.07759162,0.712225871,0.818399178,0.7653125245,,,,,0.7653125245
674,-83.92149871,30.02871204,0.729204183,0.87171189,0.8004580365,,,,,0.8004580365
675,-83.85576952,29.99664676,0.750815807,0.8488928,0.7998543035,,,,,0.7998543035
676,-83.78358221,29.96934463,0.667262744,0.8479536,0.757608172,,,,,0.757608172
677,-83.7234076,29.93565567,0.634009278,0.679385154,0.656697216,,,,,0.656697216
678,-83.66601028,29.89954771,0.634009278,0.679385154,0.656697216,,,,,0.656697216
679,-83.62805399,29.85459507,0.633594554,0.678259739,0.6559271465000001,,,,,0.6559271465000001
680,-83.60613191,29.80697457,0.639080673,0.685059123,0.662069898,,,,,0.662069898
681,-83.57013824,29.72886438,0.64679855,0.692025302,0.669411926,,,,,0.669411926
682,-83.48915247,29.68196906,0.606068872,0.681940323,0.6440045974999999,,,,,0.6440045974999999
683,-83.42616354,29.54115183,0.629299447,0.702185578,0.6657425125,,,,,0.6657425125
684,-83.42316407,29.6428729,0.641647051,0.729691554,0.6856693025,,,,,0.6856693025
685,-83.33018041,29.45761187,0.626556247,0.702185578,0.6643709125,,,,,0.6643709125
686,-83.24619517,29.41059038,0.605844306,0.668974783,0.6374095445000001,,,,,0.6374095445000001
687,-83.20420256,29.33478776,0.600078267,0.674417617,0.637247942,,,,,0.637247942
688,-83.12921573,29.25369501,0.581572839,0.64563533,0.6136040844999999,,,,,0.6136040844999999
689,-83.09955428,29.19523347,0.628715703,0.711714405,0.670215054,,,,,0.670215054
690,-83.0317,29.135,0.72510004,0.747755844,0.736427942,0.3480000000000001,-0.38842794199999986,44.0,33.0,0.3480000000000001
691,-82.9076757,29.14783466,0.7242466,0.747317454,0.735782027,,,,,0.735782027
692,-82.85648322,27.87836472,0.571954809,0.650805626,0.6113802175,,,,,0.6113802175
693,-82.85278017,27.92090906,0.626914765,0.718554947,0.6727348559999999,,,,,0.6727348559999999
694,-82.84478157,27.94544626,0.614964772,0.688027914,0.651496343,0.279,-0.372496343,20.0,8.0,0.279
695,-82.84074524,27.8259795,0.565880762,0.618946375,0.5924135685,,,,,0.5924135685
696,-82.83459818,28.00839956,0.53601755,0.607420332,0.571718941,0.258,-0.313718941,20.0,7.0,0.258
697,-82.81902462,29.14608822,0.72583156,0.757829965,0.7418307625,,,,,0.7418307625
698,-82.80404799,28.12684813,0.593483446,0.795911636,0.694697541,,,,,0.694697541
699,-82.80001166,27.79240693,0.598319289,0.685648187,0.641983738,0.269,-0.37298373799999995,21.0,16.0,0.269
700,-82.79964136,28.23348686,0.716051769,0.802750392,0.7594010805,,,,,0.7594010805
701,-82.78403077,29.05290178,0.715504253,0.774448444,0.7449763485,,,,,0.7449763485
702,-82.77183143,27.75243386,0.617097785,0.728275366,0.6726865755,,,,,0.6726865755
703,-82.75794498,27.66473664,0.713148229,0.771055083,0.742101656,,,,,0.742101656
704,-82.75764874,28.31009522,0.759162751,0.844891104,0.8020269275,,,,,0.8020269275
705,-82.75236967,28.96254706,0.769789325,0.812467127,0.791128226,,,,,0.791128226
706,-82.74683582,27.71474089,0.618824985,0.766540903,0.692682944,,,,,0.692682944
707,-82.74035548,27.6048654,0.86682426,0.945418765,0.9061215125,,,,,0.9061215125
708,-82.73030688,28.83165533,0.670083112,0.882784665,0.7764338885,,,,,0.7764338885
709,-82.72465454,28.39720317,0.68238052,0.891375928,0.7868782240000001,,,,,0.7868782240000001
710,-82.7207293,27.48798132,0.873301411,0.94949866,0.9114000355,,,,,0.9114000355
711,-82.71071032,28.90858808,0.659049352,0.855657506,0.757353429,,,,,0.757353429
712,-82.69706679,27.42516724,0.812828342,0.944890571,0.8788594565,,,,,0.8788594565
713,-82.68758698,27.63275471,0.858454734,0.932130168,0.895292451,,,,,0.895292451
714,-82.68198204,28.45141446,0.666490714,0.884225023,0.7753578685,,,,,0.7753578685
715,-82.67573721,27.92908875,0.58426899,0.682708441,0.6334887155,,,,,0.6334887155
716,-82.67531654,28.73964665,0.713395527,0.874867211,0.794131369,,,,,0.794131369
717,-82.66698467,28.6241561,0.689946006,0.877306163,0.7836260845,,,,,0.7836260845
718,-82.6653183,28.53635676,0.698330838,0.904646572,0.8014887049999999,,,,,0.8014887049999999
719,-82.66198555,28.68703384,0.71098779,0.879434144,0.795210967,,,,,0.795210967
720,-82.64007681,27.36125184,0.943949641,1.022721109,0.983335375,,,,,0.983335375
721,-82.62703306,27.76046748,0.658896314,0.895802253,0.7773492835,0.20699999999999996,-0.5703492835,18.0,4.0,0.20699999999999996
722,-82.62463508,27.70900386,0.679653255,0.913836561,0.796744908,,,,,0.796744908
723,-82.62407962,27.57368659,0.945900559,1.024532645,0.985216602,,,,,0.985216602
724,-82.59575127,27.32513516,0.978655142,1.028104104,1.003379623,,,,,1.003379623
725,-82.56742291,27.96000237,0.75209792,0.91323806,0.83266799,,,,,0.83266799
726,-82.5621,27.6387,0.739275257,0.984353103,0.86181418,0.16899999999999993,-0.6928141800000001,20.0,9.0,0.16899999999999993
727,-82.55310953,27.85778637,0.682432952,0.824886082,0.753659517,0.16699999999999995,-0.5866595170000001,18.0,7.0,0.16699999999999995
728,-82.55224039,27.25931863,0.833026409,0.987493462,0.9102599355000001,,,,,0.9102599355000001
729,-82.51706139,27.20581399,0.834763661,1.014905167,0.924834414,,,,,0.924834414
730,-82.50743346,27.72424731,0.800551767,0.98378677,0.8921692685,,,,,0.8921692685
731,-82.49206579,27.15557857,0.946888431,1.035999251,0.9914438409999999,,,,,0.9914438409999999
732,-82.48910334,27.8097677,0.771462303,0.923458574,0.8474604385,,,,,0.8474604385
733,-82.46595926,27.09816725,0.92621924,1.056833523,0.9915263815,,,,,0.9915263815
734,-82.44513887,27.89461426,0.738460285,0.896939777,0.817700031,,,,,0.817700031
735,-82.44188942,27.04293627,0.729445455,0.872781286,0.8011133705,,,,,0.8011133705
736,-82.42578114,27.8097677,0.612637838,0.759078516,0.6858581770000001,,,,,0.6858581770000001
737,-82.40578465,26.98850306,0.73910704,0.865477577,0.8022923085,,,,,0.8022923085
738,-82.38862946,26.9610932,0.73910704,0.865224213,0.8021656265,,,,,0.8021656265
739,-82.37183406,26.92533853,0.740141747,0.861230384,0.8006860655,,,,,0.8006860655
740,-82.34961574,26.89066607,0.739036701,0.842164874,0.7906007875,,,,,0.7906007875
741,-82.31721403,26.85020141,0.734767963,0.842164874,0.7884664185,,,,,0.7884664185
742,-82.28573808,26.79484876,0.676091774,0.858594668,0.767343221,,,,,0.767343221
743,-82.26074247,26.71218262,0.694648178,0.795724168,0.745186173,,,,,0.745186173
744,-82.24374546,26.6349182,0.715986317,0.83207697,0.7740316435000001,,,,,0.7740316435000001
745,-82.21874985,26.56786924,0.727481288,0.819288989,0.7733851385,,,,,0.7733851385
746,-82.20208612,26.50525479,0.733249127,0.81727,0.7752595635,,,,,0.7752595635
747,-82.15709402,26.44409822,0.53689883,0.76731922,0.652109025,,,,,0.652109025
748,-82.13854173,26.81137477,0.553102049,0.6775826,0.6153423245,,,,,0.6153423245
749,-82.10706578,26.93359231,0.684139466,0.756850315,0.7204948904999999,,,,,0.7204948904999999
750,-82.0737383,26.79980682,0.553102049,0.679095605,0.6160988270000001,,,,,0.6160988270000001
751,-82.06377709,26.41276154,0.541776013,0.713197153,0.627486583,,,,,0.627486583
752,-81.98545752,26.44857419,0.576981188,0.65650091,0.616741049,,,,,0.616741049
753,-81.92546807,26.41873109,0.596366704,0.712063524,0.654215114,,,,,0.654215114
754,-81.87667664,26.36031177,0.637651796,0.727440439,0.6825461175,,,,,0.6825461175
755,-81.8712,26.6477,0.583739481,0.665092632,0.6244160565,0.17199999999999993,-0.45241605650000005,16.0,9.0,0.17199999999999993
756,-81.85001466,26.29758442,0.663389596,0.760021767,0.7117056815,,,,,0.7117056815
757,-81.83001817,26.21240016,0.582105275,0.673820408,0.6279628415,,,,,0.6279628415
758,-81.8079,24.5557,0.743271628,0.794324241,0.7687979345,,,,,0.7687979345
759,-81.8075,26.1317,0.48434902,0.595521144,0.539935082,,,,,0.539935082
760,-81.7966907,26.0628034,0.47929118,0.618810933,0.5490510565,,,,,0.5490510565
761,-81.77169509,25.99841795,0.4871802,0.596086131,0.5416331655,,,,,0.5416331655
762,-81.61305631,25.84074945,0.394949809,0.541315035,0.468132422,,,,,0.468132422
763,-81.60223421,24.76332798,0.481556456,0.588571772,0.535064114,,,,,0.535064114
764,-81.55505761,30.38740769,0.490463085,0.502289624,0.4963763545,,,,,0.4963763545
765,-81.46728193,25.71920729,0.393061916,0.541439576,0.46725074600000005,,,,,0.46725074600000005
766,-81.460592,30.761328,0.49254534,0.520166514,0.506355927,,,,,0.506355927
767,-81.448576,30.717664,0.521072697,0.567005105,0.544038901,,,,,0.544038901
768,-81.442238,30.594212,0.53604902,0.565821459,0.5509352395,,,,,0.5509352395
769,-81.43961,30.510639,0.53102983,0.566240402,0.548635116,0.347,-0.20163511600000006,11.0,9.0,0.347
770,-81.42586,30.844672,0.500209675,0.568357655,0.534283665,,,,,0.534283665
771,-81.41688761,30.40391778,0.536269837,0.578161575,0.557215706,0.412,-0.14521570600000006,25.0,19.0,0.412
772,-81.408484,30.977718,0.522086964,0.594698426,0.558392695,,,,,0.558392695
773,-81.40665,30.426684,0.538343629,0.5816134,0.5599785145,0.31500000000000017,-0.24497851449999986,26.0,22.0,0.31500000000000017
774,-81.403824,30.924375,0.520532546,0.587369002,0.553950774,,,,,0.553950774
775,-81.395169,30.338843,0.489564727,0.57324515,0.5314049384999999,,,,,0.5314049384999999
776,-81.377931,30.245673,0.525409264,0.561343886,0.5433765749999999,,,,,0.5433765749999999
777,-81.365812,31.147945,0.584151478,0.606301534,0.5952265059999999,,,,,0.5952265059999999
778,-81.354786,30.1592,0.48890831,0.544710257,0.5168092835,,,,,0.5168092835
779,-81.333654,30.070972,0.44269572,0.537320901,0.4900083105,,,,,0.4900083105
780,-81.312104,29.981946,0.399019497,0.514130801,0.45657514899999996,0.477,0.02042485100000002,9.0,9.0,0.477
781,-81.31070945,25.53422525,0.343626446,0.555819423,0.4497229345,,,,,0.4497229345
782,-81.290468,31.217691,0.45452204,0.556276597,0.5053993185,,,,,0.5053993185
783,-81.275113,29.898838,0.307329379,0.503215151,0.405272265,,,,,0.405272265
784,-81.270664,31.310521,0.496830107,0.572587472,0.5347087895,,,,,0.5347087895
785,-81.269552,31.258741,0.46381698,0.559345643,0.5115813115,,,,,0.5115813115
786,-81.262493,29.82279,0.26956512,0.496468188,0.38301665399999996,,,,,0.38301665399999996
787,-81.25671894,25.33431893,0.36844176,0.556393165,0.46241746250000004,,,,,0.46241746250000004
788,-81.226683,29.711215,0.3030584,0.4021171,0.35258775,,,,,0.35258775
789,-81.204883,31.473124,0.493278013,0.572492215,0.532885114,,,,,0.532885114
790,-81.190582,29.618198,0.2224456,0.316896027,0.2696708135,,,,,0.2696708135
791,-81.176619,31.515409,0.496777166,0.572998578,0.534887872,,,,,0.534887872
792,-81.150566,29.528782,0.222882447,0.316896027,0.269889237,,,,,0.269889237
793,-81.128845,31.631439,0.496892649,0.574215059,0.535553854,,,,,0.535553854
794,-81.11663042,24.71300959,0.418337541,0.622919309,0.520628425,0.201,-0.31962842499999994,10.0,8.0,0.201
795,-81.11332014,25.12504445,0.408707859,0.609685776,0.5091968175,,,,,0.5091968175
796,-81.112669,29.45044,0.222882447,0.316896027,0.269889237,,,,,0.269889237
797,-81.073087,29.364852,0.225392565,0.322844294,0.2741184295,,,,,0.2741184295
798,-81.070376,31.771374,0.503252471,0.579548,0.5414002355,,,,,0.5414002355
799,-81.03202,29.278741,0.27315135,0.487115624,0.38013348700000005,,,,,0.38013348700000005
800,-81.01649716,24.91140651,0.432061094,0.637787422,0.534924258,,,,,0.534924258
801,-80.99269,31.857641,0.514413647,0.577942824,0.5461782355,,,,,0.5461782355
802,-80.990727,29.196724,0.274015513,0.487935059,0.38097528599999997,,,,,0.38097528599999997
803,-80.938128,29.102532,0.278257513,0.499077929,0.388667721,,,,,0.388667721
804,-80.930145,31.90807,0.482601277,0.57451599,0.5285586335,,,,,0.5285586335
805,-80.891989,29.0351,0.348737863,0.513440292,0.4310890775,,,,,0.4310890775
806,-80.88662678,32.03480858,0.508540696,0.588635774,0.548588235,0.1929999999999999,-0.3555882350000001,64.0,39.0,0.1929999999999999
807,-80.862814,31.969346,0.450379493,0.575441324,0.5129104085,,,,,0.5129104085
808,-80.840891,28.95599,0.430186831,0.550908539,0.490547685,,,,,0.490547685
809,-80.840378,32.003044,0.46123973,0.581460604,0.521350167,,,,,0.521350167
810,-80.83,25.16,0.401415832,0.604672836,0.5030443339999999,,,,,0.5030443339999999
811,-80.790695,28.880772,0.426261169,0.550908539,0.488584854,,,,,0.488584854
812,-80.746794,32.141824,0.450685553,0.574560536,0.5126230445,,,,,0.5126230445
813,-80.742089,28.805057,0.433214876,0.550908539,0.4920617075,,,,,0.4920617075
814,-80.709652,32.173397,0.452625866,0.568924432,0.510775149,,,,,0.510775149
815,-80.689112,28.730671,0.435186076,0.553532774,0.49435942499999996,0.31199999999999994,-0.18235942500000002,16.0,15.0,0.31199999999999994
816,-80.633825,28.659539,0.479279276,0.566897951,0.5230886134999999,,,,,0.5230886134999999
817,-80.62369,32.258059,0.480778056,0.567322801,0.5240504285,,,,,0.5240504285
818,-80.61,25.16,0.451275596,0.604747409,0.5280115025000001,,,,,0.5280115025000001
819,-80.606743,28.306772,0.417846216,0.564159127,0.4910026715,,,,,0.4910026715
820,-80.595462,28.204326,0.417846216,0.563930892,0.490888554,,,,,0.490888554
821,-80.5847,28.411843,0.477949276,0.566897951,0.5224236135,0.14299999999999996,-0.37942361350000003,92.0,52.0,0.14299999999999996
822,-80.57966344,28.40352557,0.477949276,0.566897951,0.5224236135,0.13899999999999996,-0.38342361350000004,92.0,50.0,0.13899999999999996
823,-80.571844,28.578198,0.477949276,0.566897951,0.5224236135,,,,,0.5224236135
824,-80.568469,28.10077,0.453409156,0.563930892,0.5086700239999999,,,,,0.5086700239999999
825,-80.562713,32.278596,0.478048755,0.56382858,0.5209386675000001,,,,,0.5209386675000001
826,-80.544127,28.495438,0.477949276,0.566897951,0.5224236135,,,,,0.5224236135
827,-80.526048,28.004022,0.427327415,0.576697292,0.5020123535,,,,,0.5020123535
828,-80.482148,27.922809,0.394212329,0.573958469,0.484085399,,,,,0.484085399
829,-80.454826,32.339238,0.460547558,0.561859739,0.5112036485,,,,,0.5112036485
830,-80.440129,27.846347,0.50466,0.576319598,0.5404897989999999,,,,,0.5404897989999999
831,-80.422326,32.401535,0.454075558,0.558806405,0.5064409814999999,,,,,0.5064409814999999
832,-80.399112,27.768735,0.510628,0.585104774,0.547866387,,,,,0.547866387
833,-80.365942,27.688969,0.512095692,0.584420069,0.5482578805,,,,,0.5482578805
834,-80.360687,25.153112,0.451364008,0.610588743,0.5309763755,,,,,0.5309763755
835,-80.360687,25.153112,0.451364008,0.610588743,0.5309763755,,,,,0.5309763755
836,-80.336475,25.339503,0.444735024,0.610710618,0.527722821,,,,,0.527722821
837,-80.334627,25.242988,0.450508294,0.613758618,0.532133456,,,,,0.532133456
838,-80.332574,27.600602,0.511696615,0.585579598,0.5486381065,,,,,0.5486381065
839,-80.332438,32.478104,0.45371697,0.55490741,0.50431219,0.3500000000000001,-0.15431218999999996,32.0,30.0,0.3500000000000001
840,-80.31435,25.536174,0.44478076,0.610554165,0.5276674625,,,,,0.5276674625
841,-80.307065,27.515201,0.476820615,0.590408774,0.5336146945,,,,,0.5336146945
842,-80.302077,25.406706,0.44478076,0.610554165,0.5276674625,,,,,0.5276674625
843,-80.286321,25.620062,0.43981042,0.606022892,0.522916656,,,,,0.522916656
844,-80.276275,27.4314,0.487043446,0.586985245,0.5370143455,,,,,0.5370143455
845,-80.254062,25.68344,0.44036106,0.606022892,0.523191976,,,,,0.523191976
846,-80.252658,32.531603,0.452064843,0.55207059,0.5020677165,,,,,0.5020677165
847,-80.237295,27.348491,0.441811385,0.586985245,0.514398315,,,,,0.514398315
848,-80.21772,25.739433,0.43981042,0.606022892,0.522916656,0.108,-0.41491665600000005,30.0,24.0,0.108
849,-80.201106,27.266572,0.441811385,0.570285735,0.50604856,,,,,0.50604856
850,-80.159164,27.183877,0.441065231,0.567560048,0.5043126395,,,,,0.5043126395
851,-80.156946,32.567808,0.452064843,0.55207059,0.5020677165,,,,,0.5020677165
852,-80.133736,27.101863,0.441065231,0.564220048,0.5026426395,,,,,0.5026426395
853,-80.11964,25.871681,0.464441194,0.618425497,0.5414333455,,,,,0.5414333455
854,-80.119513,25.940611,0.446493196,0.609403209,0.5279482025,,,,,0.5279482025
855,-80.113584,26.032433,0.43820048,0.604892065,0.5215462725,0.014999999999999951,-0.5065462725000001,24.0,17.0,0.014999999999999951
856,-80.103702,26.121924,0.42723928,0.594566965,0.5109031225,,,,,0.5109031225
857,-80.092907,26.205121,0.42073376,0.582321631,0.5015276955,,,,,0.5015276955
858,-80.092461,27.012687,0.443274462,0.559761082,0.5015177719999999,,,,,0.5015177719999999
859,-80.077004,26.298117,0.535323059,0.601203529,0.568263294,,,,,0.568263294
860,-80.074473,32.603765,0.430134582,0.501211319,0.4656729505,,,,,0.4656729505
861,-80.066728,26.924866,0.4265916,0.554600922,0.490596261,,,,,0.490596261
862,-80.066483,26.388519,0.430292693,0.575012588,0.5026526405,,,,,0.5026526405
863,-80.056046,26.473149,0.4105691,0.570960824,0.490764962,,,,,0.490764962
864,-80.041328,26.838406,0.410242588,0.546933765,0.4785881765,,,,,0.4785881765
865,-80.040469,26.560693,0.4039225,0.543779647,0.4738510735,,,,,0.4738510735
866,-80.036595,26.655276,0.40426665,0.543779647,0.47402314850000005,0.12099999999999994,-0.3530231485000001,32.0,22.0,0.12099999999999994
867,-80.035431,26.745328,0.4047479,0.543779647,0.47426377350000004,,,,,0.47426377350000004
868,-80.025918,26.6001546,0.39762625,0.543779647,0.47070294850000005,0.11599999999999995,-0.3547029485000001,32.0,24.0,0.11599999999999995
869,-79.974299,32.641024,0.398256319,0.446926694,0.4225915065,,,,,0.4225915065
870,-79.91484429,32.77175324,0.401031044,0.470068149,0.4355495965,0.0999999999999999,-0.33554959650000016,32.0,26.0,0.0999999999999999
871,-79.908937,32.751634,0.403472847,0.470833706,0.4371532765,0.1099999999999999,-0.32715327650000015,32.0,27.0,0.1099999999999999
872,-79.85867607,32.74493122,0.403494339,0.474071821,0.43878308,,,,,0.43878308
873,-79.813984,32.774819,0.403288341,0.475871821,0.439580081,,,,,0.439580081
874,-79.719879,32.825796,0.429156515,0.485688794,0.45742265449999997,,,,,0.45742265449999997
875,-79.657848,32.874845,0.430056436,0.487213717,0.4586350765,,,,,0.4586350765
876,-79.579989,32.933452,0.431172436,0.490099486,0.460635961,,,,,0.460635961
877,-79.501976,33.017272,0.431172436,0.490099486,0.460635961,,,,,0.460635961
878,-79.404422,33.019617,0.451429306,0.509515604,0.48047245499999996,,,,,0.48047245499999996
879,-79.328159,33.090406,0.451152814,0.510218946,0.48068588,0.20200000000000004,-0.27868587999999994,10.0,9.0,0.20200000000000004
880,-79.235881,33.138288,0.451767429,0.509607869,0.480687649,-0.008,-0.488687649,16.0,8.0,-0.008
881,-79.17978,33.233612,0.442149253,0.501083794,0.47161652350000005,,,,,0.47161652350000005
882,-79.161453,33.310928,0.428302007,0.490807794,0.45955490050000003,,,,,0.45955490050000003
883,-79.128167,33.416597,0.402639281,0.473981743,0.43831051200000004,,,,,0.43831051200000004
884,-79.045657,33.516804,0.394425472,0.45573021,0.425077841,,,,,0.425077841
885,-78.991354,33.583487,0.37982701,0.425151962,0.402489486,,,,,0.402489486
886,-78.915706,33.659118,0.364042283,0.40804622,0.3860442515,5.489000000000001,5.102955748500001,824.0,30.0,5.489000000000001
887,-78.9125558,33.65217268,0.364042283,0.40804622,0.3860442515,,,,,0.3860442515
888,-78.837493,33.724895,0.367434263,0.414385536,0.3909098995,,,,,0.3909098995
889,-78.749437,33.781082,0.369231494,0.435781967,0.40250673049999997,,,,,0.40250673049999997
890,-78.662667,33.820516,0.369231494,0.435781967,0.40250673049999997,,,,,0.40250673049999997
891,-78.552497,33.848328,0.417240073,0.48718605,0.45221306149999996,,,,,0.45221306149999996
892,-78.470358,33.877394,0.423583266,0.48718605,0.455384658,,,,,0.455384658
893,-78.364542,33.902748,0.378880857,0.431428523,0.40515469000000004,,,,,0.40515469000000004
894,-78.256984,33.914,0.378880857,0.426721722,0.40280128950000005,,,,,0.40280128950000005
895,-78.144859,33.912584,0.384056876,0.427837722,0.405947299,,,,,0.405947299
896,-78.009564,33.865287,0.391335441,0.439949396,0.4156424185,,,,,0.4156424185
897,-77.959065,33.861555,0.411659711,0.499482894,0.4555713025,,,,,0.4555713025
898,-77.924659,33.954881,0.414989346,0.492720384,0.453854865,,,,,0.453854865
899,-77.887726,34.043335,0.44033603,0.518952045,0.4796440375,,,,,0.4796440375
900,-77.839917,34.143997,0.486674422,0.521817886,0.5042461540000001,,,,,0.5042461540000001
901,-77.78177696,34.20907179,0.486674422,0.520274249,0.5034743355,0.39999999999999997,-0.10347433550000001,54.0,32.0,0.39999999999999997
902,-77.766246,34.24322,0.413265727,0.498811263,0.45603849500000004,0.389,-0.06703849500000003,48.0,33.0,0.389
903,-77.69352,34.315646,0.410323773,0.498811263,0.454567518,,,,,0.454567518
904,-77.603881,34.383759,0.409854788,0.492557417,0.45120610250000004,,,,,0.45120610250000004
905,-77.517303,34.440876,0.409787192,0.489797048,0.44979212,,,,,0.44979212
906,-77.433282,34.48572,0.406854788,0.49110474,0.448979764,,,,,0.448979764
907,-77.344865,34.525359,0.415663034,0.501044987,0.4583540105,,,,,0.4583540105
908,-77.322884,38.46543,0.456598942,0.511108492,0.483853717,,,,,0.483853717
909,-77.310786,38.398187,0.459978733,0.530772999,0.49537586599999994,,,,,0.49537586599999994
910,-77.267262,34.571554,0.415272584,0.496545619,0.45590910149999997,,,,,0.45590910149999997
911,-77.267081,38.499047,0.456266614,0.510362477,0.4833145455,,,,,0.4833145455
912,-77.25137,38.33168,0.464734067,0.532047091,0.498390579,,,,,0.498390579
913,-77.159985,34.625984,0.443889129,0.520572327,0.482230728,,,,,0.482230728
914,-77.142964,38.363863,0.507334693,0.538494377,0.522914535,,,,,0.522914535
915,-77.123325,38.410646,0.507334693,0.538422948,0.5228788205,,,,,0.5228788205
916,-77.101084,34.674577,0.468804402,0.529887628,0.499346015,,,,,0.499346015
917,-77.05562,38.397103,0.507334693,0.538422948,0.5228788205,,,,,0.5228788205
918,-77.048342,34.656976,0.45016487,0.523539946,0.48685240799999996,,,,,0.48685240799999996
919,-77.023152,38.385183,0.505213673,0.538494377,0.521854025,,,,,0.521854025
920,-77.010794,38.291592,0.508041438,0.533730156,0.520885797,,,,,0.520885797
921,-76.993691,35.497079,0.52320097,0.555459528,0.539330249,,,,,0.539330249
922,-76.993312,35.072828,0.487288681,0.554409548,0.5208491145,,,,,0.5208491145
923,-76.988765,34.674197,0.466181725,0.545574362,0.5058780435,,,,,0.5058780435
924,-76.985012,35.025771,0.482137681,0.550982006,0.5165598435000001,,,,,0.5165598435000001
925,-76.980233,34.702335,0.467400581,0.545574362,0.5064874715,,,,,0.5064874715
926,-76.962375,38.230093,0.507923,0.533826691,0.5208748455000001,,,,,0.5208748455000001
927,-76.950973,35.440439,0.522601146,0.554768728,0.538684937,,,,,0.538684937
928,-76.945131,38.331351,0.503362967,0.531785834,0.5175744005,,,,,0.5175744005
929,-76.937975,34.678169,0.45016487,0.523539946,0.48685240799999996,,,,,0.48685240799999996
930,-76.890381,35.015601,0.496242321,0.550982006,0.5236121635,,,,,0.5236121635
931,-76.880902,34.725828,0.470599209,0.55436667,0.5124829395,,,,,0.5124829395
932,-76.87899,34.686931,0.451383726,0.523539946,0.487461836,,,,,0.487461836
933,-76.876757,35.45902,0.481682937,0.553820471,0.5177517039999999,,,,,0.5177517039999999
934,-76.874791,34.947795,0.477099356,0.550982006,0.514040681,,,,,0.514040681
935,-76.860315,35.425117,0.496614955,0.554301856,0.5254584055,,,,,0.5254584055
936,-76.859045,38.171028,0.509756765,0.539411644,0.5245842045,,,,,0.5245842045
937,-76.838177,38.28195,0.50379634,0.530764941,0.5172806405,,,,,0.5172806405
938,-76.828624,34.692776,0.451383726,0.523526792,0.487455259,,,,,0.487455259
939,-76.781134,34.975204,0.447857564,0.537797186,0.492827375,,,,,0.492827375
940,-76.770155,35.385153,0.484683335,0.555301856,0.5199925955,,,,,0.5199925955
941,-76.765699,34.697337,0.453970241,0.520894362,0.48743230150000005,,,,,0.48743230150000005
942,-76.760671,34.720506,0.465560499,0.545476387,0.505518443,,,,,0.505518443
943,-76.752859,34.920372,0.48118181,0.552082006,0.516631908,,,,,0.516631908
944,-76.745972,38.157065,0.513454699,0.54022702,0.5268408595,,,,,0.5268408595
945,-76.745656,37.815099,0.5224196,0.553367525,0.5378935625,,,,,0.5378935625
946,-76.743712,35.426823,0.485826961,0.560094574,0.5229607675,,,,,0.5229607675
947,-76.721384,38.240415,0.509428189,0.530570811,0.5199995,,,,,0.5199995
948,-76.698213,34.694071,0.453665568,0.533658372,0.49366197,0.49,-0.0036619700000000144,36.0,36.0,0.49
949,-76.68031675,34.70273859,0.453665568,0.533460965,0.4935632665,0.438,-0.055563266499999986,33.0,26.0,0.438
950,-76.678611,35.029835,0.48040534,0.544379032,0.512392186,,,,,0.512392186
951,-76.67773,35.348292,0.484745644,0.554820471,0.5197830575,,,,,0.5197830575
952,-76.66758979,34.69774992,0.466029529,0.542978353,0.504503941,0.43899999999999995,-0.06550394100000001,33.0,28.0,0.43899999999999995
953,-76.666169,34.974022,0.493320494,0.55801006,0.525665277,,,,,0.525665277
954,-76.662947,37.75185,0.540531244,0.561460307,0.5509957755,,,,,0.5509957755
955,-76.659431,37.093939,0.533607367,0.538764888,0.5361861274999999,,,,,0.5361861274999999
956,-76.646472,34.678973,0.466875049,0.54316299,0.5050190194999999,0.47,-0.03501901949999997,36.0,33.0,0.47
957,-76.643005,35.402341,0.501195011,0.579526051,0.5403605309999999,,,,,0.5403605309999999
958,-76.639712,38.121977,0.532762083,0.564128064,0.5484450735,,,,,0.5484450735
959,-76.634613,34.706618,0.467944339,0.544406621,0.50617548,0.45400000000000007,-0.05217547999999994,28.0,26.0,0.45400000000000007
960,-76.623022,37.139869,0.534231713,0.54033855,0.5372851315,,,,,0.5372851315
961,-76.605739,38.218515,0.52911358,0.553769591,0.5414415855,,,,,0.5414415855
962,-76.604108,37.773986,0.542932323,0.56265922,0.5527957715,,,,,0.5527957715
963,-76.601288,37.033136,0.511809089,0.533315386,0.5225622375,,,,,0.5225622375
964,-76.585569,36.015448,0.547054585,0.563237324,0.5551459545,,,,,0.5551459545
965,-76.580802,37.660796,0.543323663,0.56728425,0.5553039565,,,,,0.5553039565
966,-76.579498,35.3307,0.500765034,0.564249451,0.5325072425,,,,,0.5325072425
967,-76.577076,35.097841,0.457810118,0.561918842,0.50986448,,,,,0.50986448
968,-76.563015,34.998669,0.502570664,0.561028984,0.5317998239999999,,,,,0.5317998239999999
969,-76.554769,34.619488,0.453974384,0.52726287,0.49061862700000003,,,,,0.49061862700000003
970,-76.55333,37.086821,0.510668388,0.537946648,0.5243075180000001,,,,,0.5243075180000001
971,-76.550865,35.940607,0.547054585,0.56399863,0.5555266075,,,,,0.5555266075
972,-76.55004,38.04042,0.533445887,0.565126619,0.549286253,,,,,0.549286253
973,-76.541979,37.707957,0.54177373,0.566079879,0.5539268045,,,,,0.5539268045
974,-76.540994,34.649582,0.476661005,0.545707653,0.511184329,,,,,0.511184329
975,-76.532442,38.685076,0.488066574,0.521381772,0.504724173,,,,,0.504724173
976,-76.529325,35.208062,0.500935623,0.563530428,0.5322330255000001,,,,,0.5322330255000001
977,-76.521006,36.973187,0.509760338,0.539015398,0.524387868,,,,,0.524387868
978,-76.520913,35.395967,0.501195011,0.570166974,0.5356809925,,,,,0.5356809925
979,-76.518163,34.71909,0.495365791,0.559197477,0.5272816339999999,,,,,0.5272816339999999
980,-76.517111,38.575043,0.486857044,0.523020233,0.5049386385,,,,,0.5049386385
981,-76.515946,34.62859,0.455756425,0.527065463,0.491410944,,,,,0.491410944
982,-76.515286,38.799004,0.492806811,0.528768807,0.510787809,,,,,0.510787809
983,-76.505572,38.139825,0.533562293,0.563995833,0.548779063,,,,,0.548779063
984,-76.501557,37.61214,0.544171384,0.565915592,0.5550434879999999,,,,,0.5550434879999999
985,-76.493822,38.899961,0.492842196,0.537329975,0.5150860855,,,,,0.5150860855
986,-76.485492,35.306559,0.502497834,0.568014545,0.5352561895000001,,,,,0.5352561895000001
987,-76.483863,37.03803,0.510287256,0.538740398,0.524513827,,,,,0.524513827
988,-76.478863,38.470346,0.518683315,0.540508739,0.529596027,,,,,0.529596027
989,-76.4783,37.2267,0.519167504,0.542722265,0.5309448845,0.015,-0.5159448845,66.0,19.0,0.015
990,-76.47491,35.064352,0.505697205,0.564260372,0.5349787885,,,,,0.5349787885
991,-76.472325,36.021501,0.548304612,0.563421729,0.5558631705,,,,,0.5558631705
992,-76.466421,36.883169,0.514310835,0.538577761,0.5264442979999999,,,,,0.5264442979999999
993,-76.463477,34.720431,0.496595203,0.559197477,0.52789634,,,,,0.52789634
994,-76.46222356,37.99222177,0.533445887,0.566058464,0.5497521755,-0.053000000000000005,-0.6027521755,90.0,29.0,-0.053000000000000005
995,-76.459591,34.791817,0.504702006,0.565428826,0.535065416,,,,,0.535065416
996,-76.457442,39.153289,0.492947629,0.550270082,0.5216088555,,,,,0.5216088555
997,-76.455411,34.709843,0.47072371,0.537629918,0.504176814,,,,,0.504176814
998,-76.451886,35.969665,0.548304612,0.563157324,0.555730968,,,,,0.555730968
999,-76.450481,38.977612,0.49091532,0.53572629,0.513320805,-0.022,-0.535320805,72.0,40.0,-0.022
1000,-76.445277,37.98635,0.533445887,0.566058464,0.5497521755,-0.048,-0.5977521755,90.0,29.0,-0.048
1001,-76.436852,37.649931,0.536494051,0.565827649,0.55116085,,,,,0.55116085
1002,-76.427292,36.968406,0.495091244,0.540142361,0.5176168025,,,,,0.5176168025
1003,-76.422607,35.026672,0.508460961,0.561196932,0.5348289465,,,,,0.5348289465
1004,-76.415104,37.580544,0.536645815,0.56598702,0.5513164175,,,,,0.5513164175
1005,-76.413535,38.40933,0.518444853,0.54051131,0.5294780815,,,,,0.5294780815
1006,-76.410485,39.227899,0.519108353,0.552885653,0.5359970030000001,,,,,0.5359970030000001
1007,-76.409988,39.036423,0.490938767,0.551824653,0.52138171,,,,,0.52138171
1008,-76.409774,38.106923,0.533984348,0.56801479,0.550999569,,,,,0.550999569
1009,-76.407832,35.374201,0.503265599,0.570241974,0.5367537865,,,,,0.5367537865
1010,-76.398271,38.309126,0.523323315,0.545468939,0.5343961269999999,-0.039,-0.573396127,74.0,36.0,-0.039
1011,-76.389284,34.856315,0.542103424,0.565538098,0.553820761,,,,,0.553820761
1012,-76.387708,37.264381,0.519108681,0.544624111,0.531866396,,,,,0.531866396
1013,-76.387013,34.786076,0.489459169,0.540497097,0.5149781330000001,,,,,0.5149781330000001
1014,-76.386951,38.222788,0.524618392,0.550122224,0.5373703080000001,,,,,0.5373703080000001
1015,-76.384456,34.788663,0.489459169,0.54382019,0.5166396795,,,,,0.5166396795
1016,-76.379856,36.924376,0.51320707,0.539199298,0.526203184,0.013999999999999999,-0.512203184,80.0,28.0,0.013999999999999999
1017,-76.375992,36.083408,0.548298729,0.56371117,0.5560049495,,,,,0.5560049495
1018,-76.346021,37.169157,0.520380534,0.545923406,0.53315197,,,,,0.53315197
1019,-76.342578,37.946829,0.530452151,0.563884178,0.5471681644999999,,,,,0.5471681644999999
1020,-76.342086,35.940177,0.547378941,0.56341863,0.5553987855,,,,,0.5553987855
1021,-76.341128,37.50509,0.545856417,0.56682582,0.5563411185,,,,,0.5563411185
1022,-76.340543,38.730338,0.493850606,0.534036425,0.5139435155000001,,,,,0.5139435155000001
1023,-76.339822,38.974774,0.490753782,0.551681796,0.521217789,,,,,0.521217789
1024,-76.33679464,36.96630266,0.505449504,0.533019785,0.5192346445,0.027,-0.4922346445,80.0,26.0,0.027
1025,-76.333549,38.482086,0.521300128,0.548495596,0.534897862,,,,,0.534897862
1026,-76.332447,34.970872,0.510498735,0.565453483,0.5379761089999999,,,,,0.5379761089999999
1027,-76.329928,38.151259,0.529614207,0.562857653,0.5462359299999999,,,,,0.5462359299999999
1028,-76.323121,38.053427,0.531094458,0.565963762,0.54852911,,,,,0.54852911
1029,-76.322923,34.932236,0.509124382,0.565453483,0.5372889325,,,,,0.5372889325
1030,-76.311357,37.634866,0.535233188,0.567984792,0.55160899,0.061,-0.49060898999999997,90.0,33.0,0.061
1031,-76.310541,34.857611,0.490041463,0.54382019,0.5169308265,,,,,0.5169308265
1032,-76.308221,34.859501,0.490041463,0.54382019,0.5169308265,,,,,0.5169308265
1033,-76.307198,37.731267,0.5345156,0.566299113,0.5504073565000001,,,,,0.5504073565000001
1034,-76.301847,39.039651,0.49984892,0.555593939,0.5277214295,,,,,0.5277214295
1035,-76.301778,37.114112,0.512875351,0.545310529,0.52909294,,,,,0.52909294
1036,-76.296275,37.023167,0.494708185,0.533019785,0.513863985,,,,,0.513863985
1037,-76.295018,35.350731,0.547370581,0.566671062,0.5570208215,,,,,0.5570208215
1038,-76.292429,36.968896,0.506866689,0.533019785,0.519943237,0.0359999999999999,-0.4839432370000001,80.0,25.0,0.0359999999999999
1039,-76.291307,37.324129,0.514840255,0.541771382,0.5283058185,,,,,0.5283058185
1040,-76.285007,38.417007,0.519033315,0.548495596,0.5337644555000001,,,,,0.5337644555000001
1041,-76.280191,39.32294,0.476556396,0.553047653,0.5148020245,,,,,0.5148020245
1042,-76.27804,38.539846,0.495708001,0.537201407,0.516454704,,,,,0.516454704
1043,-76.277411,38.831419,0.502538503,0.55574964,0.5291440715,,,,,0.5291440715
1044,-76.27136,38.709128,0.498194144,0.536518598,0.517356371,,,,,0.517356371
1045,-76.270607,36.104167,0.548298729,0.56371117,0.5560049495,,,,,0.5560049495
1046,-76.269212,38.936816,0.50382315,0.555405211,0.5296141805,,,,,0.5296141805
1047,-76.267338,37.81667,0.535092874,0.567514881,0.5513038775000001,,,,,0.5513038775000001
1048,-76.262113,37.456619,0.544817955,0.567161535,0.555989745,,,,,0.555989745
1049,-76.258594,35.002543,0.510498735,0.565453483,0.5379761089999999,,,,,0.5379761089999999
1050,-76.246577,39.115999,0.499981228,0.553194701,0.5265879645,,,,,0.5265879645
1051,-76.241778,37.892012,0.535475776,0.566352023,0.5509138995,,,,,0.5509138995
1052,-76.236504,35.979017,0.544524706,0.563641939,0.5540833225,,,,,0.5540833225
1053,-76.234545,39.230369,0.514987514,0.543468668,0.529228091,-0.08499999999999995,-0.614228091,56.0,35.0,-0.08499999999999995
1054,-76.233266,38.341583,0.522768128,0.547233939,0.5350010335,,,,,0.5350010335
1055,-76.232225,38.611713,0.501227437,0.540700661,0.520964049,,,,,0.520964049
1056,-76.230963,34.917631,0.490041463,0.542449649,0.516245556,,,,,0.516245556
1057,-76.228962,34.924737,0.509124382,0.565453483,0.5372889325,,,,,0.5372889325
1058,-76.208175,39.362324,0.478341102,0.551186415,0.5147637585,,,,,0.5147637585
1059,-76.201838,36.934229,0.512753423,0.537062178,0.5249078005000001,,,,,0.5249078005000001
1060,-76.198411,38.896255,0.502576965,0.554083322,0.5283301435000001,,,,,0.5283301435000001
1061,-76.193604,36.113241,0.544177647,0.563221939,0.553699793,,,,,0.553699793
1062,-76.187542,35.341755,0.547370581,0.563813582,0.5555920815,,,,,0.5555920815
1063,-76.178839,38.270759,0.524277457,0.543617117,0.5339472869999999,,,,,0.5339472869999999
1064,-76.171014,38.669475,0.495790514,0.534066661,0.5149285875,,,,,0.5149285875
1065,-76.168775,39.291093,0.516128363,0.54936813,0.5327482465,,,,,0.5327482465
1066,-76.151736,34.981599,0.502040127,0.539166265,0.5206031959999999,,,,,0.5206031959999999
1067,-76.150307,34.995992,0.518409017,0.562536867,0.5404729420000001,,,,,0.5404729420000001
1068,-76.14571329,38.03668157,0.529498542,0.55906917,0.5442838560000001,,,,,0.5442838560000001
1069,-76.132638,35.989402,0.542365548,0.560240708,0.551303128,,,,,0.551303128
1070,-76.120203,39.423351,0.488555422,0.535161966,0.5118586940000001,,,,,0.5118586940000001
1071,-76.109377,36.913022,0.5089786,0.535269761,0.5221241805,,,,,0.5221241805
1072,-76.090087,36.142041,0.539898353,0.560794554,0.5503464535,,,,,0.5503464535
1073,-76.084377,39.370443,0.491458417,0.528919869,0.510189143,,,,,0.510189143
1074,-76.083438,35.390985,0.54287995,0.560582015,0.5517309825000001,,,,,0.5517309825000001
1075,-76.0833,37.0333,0.501118119,0.537567503,0.519342811,,,,,0.519342811
1076,-76.075949,35.069848,0.50320022,0.562536867,0.5328685435,,,,,0.5328685435
1077,-76.071975,39.475047,0.442337896,0.494155993,0.46824694450000004,,,,,0.46824694450000004
1078,-76.067983,35.041773,0.501310631,0.539166265,0.520238448,,,,,0.520238448
1079,-76.05502,38.248834,0.50275721,0.523791215,0.5132742125,-0.1279999999999999,-0.6412742124999999,40.0,21.0,-0.1279999999999999
1080,-76.051589,35.753275,0.542414824,0.560582015,0.5514984195,,,,,0.5514984195
1081,-76.046519,35.65825,0.543231866,0.56098663,0.552109248,,,,,0.552109248
1082,-76.046018,35.870275,0.542161445,0.56052909,0.5513452674999999,,,,,0.5513452674999999
1083,-76.026892,36.516313,0.541483379,0.557249339,0.549366359,,,,,0.549366359
1084,-76.021557,35.966827,0.541952193,0.560249016,0.5511006045,,,,,0.5511006045
1085,-76.015043,35.439277,0.542886303,0.560590323,0.551738313,,,,,0.551738313
1086,-76.012997,37.279441,0.515144916,0.538781289,0.5269631025,,,,,0.5269631025
1087,-76.010361,39.456697,0.442322132,0.49413685,0.468229491,,,,,0.468229491
1088,-76.006789,37.195861,0.507745423,0.534931648,0.5213385355,0.088,-0.4333385355,46.0,11.0,0.088
1089,-76.004911,36.927411,0.517337487,0.538437596,0.5278875415,,,,,0.5278875415
1090,-75.997585,37.351657,0.521571806,0.548903479,0.5352376425,,,,,0.5352376425
1091,-75.989848,35.104302,0.549114849,0.568787994,0.5589514215,,,,,0.5589514215
1092,-75.989848,35.104302,0.549114849,0.568787994,0.5589514215,,,,,0.5589514215
1093,-75.989035,35.757124,0.551223169,0.569468972,0.5603460705000001,,,,,0.5603460705000001
1094,-75.98899873,37.16149408,0.511692653,0.538281256,0.5249869545,0.1119999999999999,-0.4129869545000001,46.0,10.0,0.1119999999999999
1095,-75.986628,35.096748,0.547985767,0.568221464,0.5581036155,,,,,0.5581036155
1096,-75.986204,35.857898,0.550393364,0.570058049,0.5602257065,,,,,0.5602257065
1097,-75.981618,37.427402,0.52376952,0.557699743,0.5407346315,,,,,0.5407346315
1098,-75.980051,36.435464,0.54466845,0.567278242,0.555973346,,,,,0.555973346
1099,-75.972578,36.843781,0.527526476,0.542011641,0.5347690585,,,,,0.5347690585
1100,-75.971879,39.571865,0.470871824,0.495528821,0.4832003225,,,,,0.4832003225
1101,-75.96193,35.496713,0.559471625,0.579346118,0.5694088715000001,,,,,0.5694088715000001
1102,-75.960413,37.107284,0.522649734,0.54539186,0.5340207969999999,,,,,0.5340207969999999
1103,-75.955718,38.145264,0.527720818,0.557123205,0.5424220115,,,,,0.5424220115
1104,-75.947294,35.959835,0.557868071,0.582001631,0.569934851,,,,,0.569934851
1105,-75.947272,36.755488,0.53109637,0.549492554,0.540294462,,,,,0.540294462
1106,-75.946612,37.5263,0.54228997,0.574442151,0.5583660605,,,,,0.5583660605
1107,-75.917759,36.353593,0.556001567,0.580634015,0.568317791,,,,,0.568317791
1108,-75.911271,36.670001,0.532684986,0.545981089,0.5393330375000001,,,,,0.5393330375000001
1109,-75.910342,35.137109,0.572532031,0.582546435,0.577539233,,,,,0.577539233
1110,-75.899156,35.134144,0.541122047,0.549113,0.5451175235,,,,,0.5451175235
1111,-75.89906,37.612089,0.54380812,0.574827326,0.5593177229999999,,,,,0.5593177229999999
1112,-75.892925,36.460077,0.556473567,0.581051967,0.568762767,,,,,0.568762767
1113,-75.888513,38.241423,0.504058705,0.526609223,0.5153339640000001,,,,,0.5153339640000001
1114,-75.880921,37.951614,0.540669886,0.556457188,0.5485635369999999,,,,,0.5485635369999999
1115,-75.875841,36.588588,0.529505031,0.548987858,0.5392464445,,,,,0.5392464445
1116,-75.873809,38.079874,0.531384223,0.554183771,0.542783997,,,,,0.542783997
1117,-75.871532,37.142151,0.537086586,0.546863295,0.5419749405000001,,,,,0.5419749405000001
1118,-75.870499,36.251338,0.556109874,0.581472839,0.5687913565,,,,,0.5687913565
1119,-75.862985,36.158223,0.556620686,0.580860007,0.5687403465,,,,,0.5687403465
1120,-75.857476,36.50302,0.527705031,0.546593554,0.5371492925,,,,,0.5371492925
1121,-75.850971,36.106311,0.557505302,0.582672583,0.5700889425,,,,,0.5700889425
1122,-75.841478,38.14476,0.531068838,0.560354956,0.545711897,,,,,0.545711897
1123,-75.837708,37.706436,0.562112249,0.573979889,0.568046069,,,,,0.568046069
1124,-75.837155,35.570904,0.563466675,0.583323033,0.573394854,,,,,0.573394854
1125,-75.834788,36.371517,0.55610772,0.580874257,0.5684909885,,,,,0.5684909885
1126,-75.833068,36.415006,0.527929708,0.549077304,0.5385035060000001,,,,,0.5385035060000001
1127,-75.832857,36.188976,0.556620686,0.580860007,0.5687403465,,,,,0.5687403465
1128,-75.819882,37.212463,0.526931093,0.547671733,0.537301413,0.08499999999999995,-0.45230141300000004,14.0,14.0,0.08499999999999995
1129,-75.817721,35.172011,0.563335905,0.582577523,0.572956714,,,,,0.572956714
1130,-75.807798,35.171721,0.535489464,0.549048857,0.5422691605,,,,,0.5422691605
1131,-75.807793,36.324626,0.5279214,0.550256418,0.539088909,,,,,0.539088909
1132,-75.80755,35.957056,0.557851105,0.582090042,0.5699705735,,,,,0.5699705735
1133,-75.807301,36.286043,0.556112644,0.581072583,0.5685926135,,,,,0.5685926135
1134,-75.79978,36.07264,0.557505302,0.582090042,0.569797672,,,,,0.569797672
1135,-75.79929,38.065461,0.530853663,0.559807897,0.54533078,,,,,0.54533078
1136,-75.775375,36.23674,0.528694284,0.548290983,0.5384926335,,,,,0.5384926335
1137,-75.7733,37.80503,0.549462296,0.559959131,0.5547107135,,,,,0.5547107135
1138,-75.772532,35.696541,0.563226112,0.583323033,0.5732745724999999,,,,,0.5732745724999999
1139,-75.771765,37.30329,0.526406235,0.541528167,0.533967201,,,,,0.533967201
1140,-75.765668,37.971649,0.527482077,0.549226686,0.5383543815,,,,,0.5383543815
1141,-75.764234,35.892417,0.560358198,0.583115666,0.571736932,,,,,0.571736932
1142,-75.757083,35.605623,0.561385172,0.583138743,0.5722619575000001,,,,,0.5722619575000001
1143,-75.747024,36.106501,0.555658217,0.581512327,0.568585272,,,,,0.568585272
1144,-75.742367,35.774875,0.560190634,0.582751568,0.571471101,,,,,0.571471101
1145,-75.73750807,36.18625132,0.525133011,0.543709676,0.5344213435,0.486,-0.04842134350000005,47.0,30.0,0.486
1146,-75.736149,36.149674,0.525133011,0.543709676,0.5344213435,0.5009999999999999,-0.033421343500000145,46.0,30.0,0.5009999999999999
1147,-75.724819,35.201934,0.576156839,0.589094411,0.582625625,,,,,0.582625625
1148,-75.720589,37.370057,0.528921166,0.544342743,0.5366319545,,,,,0.5366319545
1149,-75.715451,35.20024,0.53543862,0.550878747,0.5431586835,,,,,0.5431586835
1150,-75.71077937,35.21306109,0.56411583,0.589000361,0.5765580955,0.326,-0.2505580955,52.0,49.0,0.326
1151,-75.710578,36.025645,0.559462474,0.585844208,0.5726533410000001,,,,,0.5726533410000001
1152,-75.703863,37.900913,0.549284235,0.560004926,0.5546445805,,,,,0.5546445805
1153,-75.688968,36.065883,0.527743156,0.548118123,0.5379306395,,,,,0.5379306395
1154,-75.688181,37.470385,0.524005514,0.547359992,0.5356827529999999,,,,,0.5356827529999999
1155,-75.662902,35.921589,0.559996935,0.586334839,0.573165887,,,,,0.573165887
1156,-75.656767,37.956389,0.515200945,0.544581701,0.529891323,,,,,0.529891323
1157,-75.64245,35.991944,0.531624144,0.549875841,0.5407499925,,,,,0.5407499925
1158,-75.629772,35.237115,0.565190206,0.590246515,0.5777183605,,,,,0.5777183605
1159,-75.629554,37.533195,0.527675315,0.548249624,0.5379624695,,,,,0.5379624695
1160,-75.613987,35.230243,0.537185509,0.552409593,0.544797551,,,,,0.544797551
1161,-75.604345,39.630889,0.420039763,0.450988583,0.435514173,,,,,0.435514173
1162,-75.603325,37.62902,0.529337546,0.548564871,0.5389512085,,,,,0.5389512085
1163,-75.60056414,37.55526837,0.529751509,0.548263996,0.5390077525,,,,,0.5390077525
1164,-75.598032,35.913297,0.534011606,0.55071454,0.542363073,,,,,0.542363073
1165,-75.595671,35.856816,0.564473882,0.589218043,0.5768459625,,,,,0.5768459625
1166,-75.591575,39.837617,0.421226149,0.456585272,0.4389057105,,,,,0.4389057105
1167,-75.58085,39.504175,0.417729768,0.446372098,0.43205093299999997,,,,,0.43205093299999997
1168,-75.573077,39.445373,0.417729768,0.452967098,0.43534843300000003,,,,,0.43534843300000003
1169,-75.571906,37.715618,0.529145671,0.544054089,0.53659988,,,,,0.53659988
1170,-75.563062,35.799265,0.561383498,0.585709197,0.5735463475,0.443,-0.1305463475,12.0,3.0,0.443
1171,-75.557141,35.833554,0.528332572,0.546243567,0.5372880695,,,,,0.5372880695
1172,-75.55211236,35.79420108,0.546446752,0.579886594,0.563166673,0.418,-0.14516667300000002,12.0,4.0,0.418
1173,-75.55120732,35.77915071,0.561838062,0.584306018,0.57307204,0.482,-0.09107204000000002,12.0,10.0,0.482
1174,-75.538488,35.27262,0.552584275,0.58146272,0.5670234974999999,,,,,0.5670234974999999
1175,-75.52456,35.244973,0.513042697,0.537305207,0.525173952,,,,,0.525173952
1176,-75.52456,35.244973,0.513042697,0.537305207,0.525173952,,,,,0.525173952
1177,-75.523543,39.391504,0.412253728,0.440781599,0.4265176635,,,,,0.4265176635
1178,-75.520123,35.750862,0.561070247,0.583464785,0.5722675159999999,,,,,0.5722675159999999
1179,-75.516997,35.335909,0.551428848,0.576733673,0.5640812605000001,,,,,0.5640812605000001
1180,-75.515906,37.802826,0.51717156,0.532011692,0.524591626,,,,,0.524591626
1181,-75.513701,35.356371,0.54990854,0.576733673,0.5633211065,,,,,0.5633211065
1182,-75.510611,35.714152,0.549278105,0.577245596,0.5632618505,,,,,0.5632618505
1183,-75.508312,35.204338,0.512287971,0.533676851,0.522982411,,,,,0.522982411
1184,-75.502095,39.732993,0.412670857,0.439752427,0.426211642,,,,,0.426211642
1185,-75.492439,35.419217,0.550363771,0.577803821,0.564083796,,,,,0.564083796
1186,-75.491605,35.433556,0.550363771,0.577803821,0.564083796,,,,,0.564083796
1187,-75.488031,35.511264,0.550409925,0.577816321,0.564113123,,,,,0.564113123
1188,-75.486053,35.504061,0.550409925,0.577816321,0.564113123,,,,,0.564113123
1189,-75.485087,35.646768,0.548804148,0.57795304,0.563378594,,,,,0.563378594
1190,-75.477223,35.669215,0.510778404,0.540528916,0.5256536599999999,,,,,0.5256536599999999
1191,-75.472789,39.332695,0.414235691,0.443808703,0.429022197,,,,,0.429022197
1192,-75.471309,35.592897,0.54464396,0.57805304,0.5613485,,,,,0.5613485
1193,-75.432553,39.802533,0.449534015,0.484039723,0.466786869,-0.3339999999999999,-0.800786869,40.0,17.0,-0.3339999999999999
1194,-75.425334,37.870086,0.471224864,0.566582146,0.518903505,,,,,0.518903505
1195,-75.410228,39.14156,0.47060776,0.510822406,0.490715083,,,,,0.490715083
1196,-75.405716,39.223834,0.4561362,0.495344882,0.47574054099999996,,,,,0.47574054099999996
1197,-75.379873,39.04879,0.461841545,0.520098234,0.4909698895,,,,,0.4909698895
1198,-75.3681,39.3008,0.442210212,0.487883162,0.46504668699999996,,,,,0.46504668699999996
1199,-75.324927,37.915076,0.463545874,0.567061346,0.51530361,,,,,0.51530361
1200,-75.320491,38.991204,0.463670359,0.517852718,0.4907615385,,,,,0.4907615385
1201,-75.288868,38.899866,0.469887771,0.526572323,0.498230047,,,,,0.498230047
1202,-75.266601,37.997201,0.484536408,0.555853189,0.5201947984999999,,,,,0.5201947984999999
1203,-75.228457,38.841462,0.506155123,0.532256621,0.519205872,,,,,0.519205872
1204,-75.20557,38.077958,0.504811832,0.567141841,0.5359768364999999,,,,,0.5359768364999999
1205,-75.161663,38.176592,0.498789047,0.563262685,0.531025866,,,,,0.531025866
1206,-75.122088,38.268205,0.539132642,0.589891159,0.5645119005,,,,,0.5645119005
1207,-75.1220693,38.78889314,0.511403654,0.531417817,0.5214107354999999,0.2320000000000001,-0.28941073549999985,60.0,14.0,0.2320000000000001
1208,-75.1133,38.9867,0.499670664,0.533483654,0.516577159,,,,,0.516577159
1209,-75.09216278,38.32909708,0.520418085,0.561176731,0.540797408,0.45400000000000007,-0.08679740799999991,18.0,16.0,0.45400000000000007
1210,-75.091804,38.803349,0.515285001,0.531417817,0.523351409,0.2290000000000001,-0.2943514089999999,64.0,14.0,0.2290000000000001
1211,-75.075719,38.71852,0.496031344,0.516750403,0.5063908735,,,,,0.5063908735
1212,-75.071562,38.358093,0.496729972,0.551105871,0.5239179215,0.357,-0.16691792150000007,26.0,20.0,0.357
1213,-75.065173,38.63208,0.488482273,0.502854048,0.4956681605,,,,,0.4956681605
1214,-75.054743,38.545309,0.487089849,0.50323776,0.49516380449999997,,,,,0.49516380449999997
1215,-75.049098,38.45815,0.499315349,0.549844851,0.5245801,,,,,0.5245801
1216,-74.971995,38.94037,0.504338477,0.523299189,0.513818833,0.1079999999999999,-0.4058188330000001,66.0,24.0,0.1079999999999999
1217,-74.971995,38.94037,0.504338477,0.523299189,0.513818833,0.1079999999999999,-0.4058188330000001,66.0,24.0,0.1079999999999999
1218,-74.96932247,38.9666548,0.497772356,0.519187687,0.5084800215,0.148,-0.3604800215,64.0,21.0,0.148
1219,-74.861032,38.946105,0.517780749,0.527775999,0.522778374,,,,,0.522778374
1220,-74.776032,39.037024,0.514614677,0.539744993,0.527179835,0.378,-0.14917983499999998,13.0,11.0,0.378
1221,-74.714341,39.119804,0.521006414,0.546016007,0.5335112104999999,,,,,0.5335112104999999
1222,-74.663266,39.18909,0.526749325,0.54625902,0.5365041725,0.261,-0.27550417250000003,10.0,7.0,0.261
1223,-74.594976,39.26016,0.513003363,0.530841253,0.521922308,,,,,0.521922308
1224,-74.511076,39.318628,0.521270249,0.552109643,0.536689946,0.21100000000000002,-0.32568994599999995,14.0,13.0,0.21100000000000002
1225,-74.41326194,39.35148596,0.528605891,0.564419136,0.5465125135,0.5230000000000001,-0.023512513499999832,46.0,43.0,0.5230000000000001
1226,-74.405572,39.372806,0.527445522,0.561149438,0.54429748,0.5370000000000001,-0.007297479999999856,54.0,52.0,0.5370000000000001
1227,-74.323422,39.50138,0.518156878,0.56865613,0.543406504,,,,,0.543406504
1228,-74.260454,39.536057,0.513346066,0.543386734,0.5283664,,,,,0.5283664
1229,-74.259257,40.463985,0.677933674,0.76937918,0.7236564270000001,,,,,0.7236564270000001
1230,-74.192132,39.623477,0.512670884,0.542566738,0.527618811,,,,,0.527618811
1231,-74.152944,40.5318,0.665597587,0.795172725,0.7303851560000001,,,,,0.7303851560000001
1232,-74.131104,39.708088,0.509786853,0.54243681,0.5261118315,,,,,0.5261118315
1233,-74.118104,40.448033,0.681308275,0.786126858,0.7337175665,,,,,0.7337175665
1234,-74.091909,39.794299,0.512483747,0.549165388,0.5308245675000001,,,,,0.5308245675000001
1235,-74.079654,39.883693,0.514454822,0.574429512,0.544442167,,,,,0.544442167
1236,-74.067598,40.623865,0.668965887,0.794886953,0.73192642,,,,,0.73192642
1237,-74.064553,39.972173,0.505013382,0.553001627,0.5290075045,,,,,0.5290075045
1238,-74.045077,40.057648,0.539461904,0.585077614,0.5622697590000001,,,,,0.5622697590000001
1239,-74.02755652,40.48205341,0.662587267,0.775560072,0.7190736695,0.25,-0.46907366949999996,76.0,30.0,0.25
1240,-74.02727427,40.47217722,0.662587267,0.775560072,0.7190736695,0.21800000000000003,-0.5010736695,76.0,30.0,0.21800000000000003
1241,-74.026046,40.709576,0.655217733,0.758253261,0.7067354969999999,0.184,-0.522735497,80.0,32.0,0.184
1242,-74.023308,40.143004,0.535494661,0.583123399,0.55930903,,,,,0.55930903
1243,-74.02258373,40.69679952,0.655217733,0.758253261,0.7067354969999999,0.20800000000000002,-0.4987354969999999,80.0,31.0,0.20800000000000002
1244,-74.018272,40.659019,0.65975358,0.758253261,0.7090034205,0.202,-0.5070034205,80.0,30.0,0.202
1245,-73.996353,40.228016,0.541121681,0.604211565,0.5726666229999999,0.602,0.02933337700000005,13.0,12.0,0.602
1246,-73.97855,40.414781,0.657548052,0.76035559,0.708951821,,,,,0.708951821
1247,-73.975041,40.32108,0.615983341,0.719275878,0.6676296095,,,,,0.6676296095
1248,-73.959938,40.573958,0.675488117,0.806720007,0.741104062,,,,,0.741104062
1249,-73.829663,40.578477,0.672809914,0.790262128,0.7315360209999999,,,,,0.7315360209999999
1250,-73.7893,40.843762,0.618488399,0.789169745,0.703829072,-0.0399999999999999,-0.7438290719999999,72.0,30.0,-0.0399999999999999
1251,-73.77474685,40.81310661,0.631700475,0.78727478,0.7094876274999999,-0.0329999999999998,-0.7424876274999997,72.0,28.0,-0.0329999999999998
1252,-73.697982,40.583563,0.679748029,0.779988025,0.729868027,0.1959999999999999,-0.533868027,18.0,11.0,0.1959999999999999
1253,-73.697974,40.939598,0.621784697,0.7764947,0.6991396985,,,,,0.6991396985
1254,-73.681949,40.859191,0.625098974,0.78501851,0.7050587420000001,,,,,0.7050587420000001
1255,-73.610274,40.988462,0.621702804,0.756372287,0.6890375455,,,,,0.6890375455
1256,-73.588234,40.585553,0.649399051,0.754257922,0.7018284865,,,,,0.7018284865
1257,-73.548063,40.886378,0.601345288,0.735315984,0.668330636,,,,,0.668330636
1258,-73.505865,41.034265,0.613575027,0.762820364,0.6881976955,,,,,0.6881976955
1259,-73.474494,40.895687,0.6025409,0.757998389,0.6802696445,,,,,0.6802696445
1260,-73.472948,40.59951,0.640693735,0.75204223,0.6963679825,0.157,-0.5393679825,10.0,4.0,0.157
1261,-73.407357,41.076654,0.616657306,0.778653403,0.6976553544999999,,,,,0.6976553544999999
1262,-73.360987,40.627613,0.64220299,0.730511758,0.686357374,0.36900000000000005,-0.3173573739999999,10.0,7.0,0.36900000000000005
1263,-73.353966,40.915402,0.609305663,0.76565571,0.6874806865,,,,,0.6874806865
1264,-73.304238,41.117625,0.646171064,0.817497718,0.731834391,,,,,0.731834391
1265,-73.256396,40.912684,0.650035615,0.742573954,0.6963047845,,,,,0.6963047845
1266,-73.251425,40.623439,0.647329367,0.776084874,0.7117071205000001,,,,,0.7117071205000001
1267,-73.186186,41.159287,0.627930094,0.757071523,0.6925008085,0.010000000000000099,-0.6825008084999998,52.0,27.0,0.010000000000000099
1268,-73.18000045,41.15249159,0.627930094,0.757071523,0.6925008085,0.009000000000000001,-0.6835008085,60.0,35.0,0.009000000000000001
1269,-73.144806,40.954081,0.63951901,0.801461468,0.720490239,,,,,0.720490239
1270,-73.137326,40.647184,0.641658682,0.744841994,0.6932503379999999,,,,,0.6932503379999999
1271,-73.10109,41.154141,0.61280189,0.759803267,0.6863025785,,,,,0.6863025785
1272,-73.026495,40.965125,0.616532698,0.747224908,0.681878803,,,,,0.681878803
1273,-73.02482,40.675808,0.634187423,0.739782671,0.686985047,,,,,0.686985047
1274,-73.008387,41.210144,0.639704651,0.771395538,0.7055500945,,,,,0.7055500945
1275,-72.919524,40.714491,0.638906595,0.743214386,0.6910604905,,,,,0.6910604905
1276,-72.91089839,41.27184328,0.643986769,0.777106538,0.7105466535,0.039,-0.6715466535,38.0,21.0,0.039
1277,-72.90851,40.962569,0.61349684,0.768797692,0.691147266,,,,,0.691147266
1278,-72.835846,41.248341,0.655572197,0.777974922,0.7167735595,,,,,0.7167735595
1279,-72.813572,40.747903,0.654098593,0.746897606,0.7004980995,,,,,0.7004980995
1280,-72.794987,40.966407,0.642245231,0.712195438,0.6772203345,,,,,0.6772203345
1281,-72.710595,41.24448,0.66854946,0.793848143,0.7311988014999999,,,,,0.7311988014999999
1282,-72.706079,40.777316,0.671060132,0.75342437,0.7122422509999999,,,,,0.7122422509999999
1283,-72.683761,40.980032,0.662291654,0.713117041,0.6877043475,,,,,0.6877043475
1284,-72.598418,41.268797,0.673443619,0.814406327,0.743924973,,,,,0.743924973
1285,-72.597833,40.80653,0.65355258,0.757972211,0.7057623955000001,,,,,0.7057623955000001
1286,-72.525116,41.035407,0.73295044,0.766600883,0.7497756615,,,,,0.7497756615
1287,-72.506974,41.256896,0.706720467,0.839686065,0.773203266,,,,,0.773203266
1288,-72.4931,40.836186,0.733855134,0.779833088,0.7568441109999999,,,,,0.7568441109999999
1289,-72.436501,41.086705,0.721884558,0.83696945,0.779427004,,,,,0.779427004
1290,-72.387759,40.869621,0.741323987,0.763116536,0.7522202615,,,,,0.7522202615
1291,-72.386141,41.261966,0.704681255,0.832206618,0.7684439365,,,,,0.7684439365
1292,-72.320031,41.136029,0.388462149,0.539274314,0.4638682315,,,,,0.4638682315
1293,-72.285021,40.908038,0.390131962,0.480895774,0.435513868,,,,,0.435513868
1294,-72.270893,41.284346,0.435706311,0.556334781,0.496020546,,,,,0.496020546
1295,-72.237567,41.15657,0.410104793,0.540197456,0.4751511245,,,,,0.4751511245
1296,-72.183128,40.946894,0.392645024,0.485629625,0.4391373245,,,,,0.4391373245
1297,-72.163889,41.304209,0.438846052,0.578500266,0.508673159,,,,,0.508673159
1298,-72.106167,41.107964,0.389407899,0.490778164,0.4400930315,,,,,0.4400930315
1299,-72.08081803,41.3105288,0.435561052,0.575215497,0.5053882745,,,,,0.5053882745
1300,-72.079208,41.006437,0.389342712,0.48335301,0.436347861,,,,,0.436347861
1301,-72.042899,41.318603,0.433438745,0.606190759,0.519814752,,,,,0.519814752
1302,-71.989378,41.048809,0.381848703,0.479161716,0.43050520950000004,0.263,-0.16750520950000003,22.0,12.0,0.263
1303,-71.97383059,41.07091921,0.380623488,0.535522561,0.4580730245,0.273,-0.18507302449999996,22.0,11.0,0.273
1304,-71.959595,41.071237,0.380623488,0.543916769,0.4622701285,0.2740000000000001,-0.1882701284999999,22.0,11.0,0.2740000000000001
1305,-71.931292,41.33306,0.419872489,0.605928186,0.5129003375,,,,,0.5129003375
1306,-71.901146,41.084772,0.380623488,0.477784332,0.42920391,,,,,0.42920391
1307,-71.818801,41.319372,0.404642873,0.604649648,0.5046462604999999,,,,,0.5046462604999999
1308,-71.709341,41.333058,0.395084202,0.60683334,0.500958771,,,,,0.500958771
1309,-71.603779,41.364303,0.398565836,0.64766508,0.523115458,,,,,0.523115458
1310,-71.489218,41.362373,0.401882982,0.66328313,0.532583056,,,,,0.532583056
1311,-71.455845,41.432986,0.387430938,0.731983187,0.5597070625,,,,,0.5597070625
1312,-71.423606,41.539413,0.583795186,0.861020479,0.7224078325000001,,,,,0.7224078325000001
1313,-71.416939,41.604901,0.60551748,0.873205838,0.7393616590000001,,,,,0.7393616590000001
1314,-71.40363226,41.57926714,0.604974634,0.891348915,0.7481617745,,,,,0.7481617745
1315,-71.397753,41.683444,0.603434367,0.896262595,0.749848481,,,,,0.749848481
1316,-71.369581,41.764675,0.634923157,0.907025576,0.7709743665,,,,,0.7709743665
1317,-71.364291,41.660435,0.602865905,0.895035672,0.7489507885,,,,,0.7489507885
1318,-71.361495,41.562722,0.607979634,0.901494633,0.7547371334999999,,,,,0.7547371334999999
1319,-71.3433,41.7167,0.656685729,0.877677525,0.767181627,,,,,0.767181627
1320,-71.335992,41.469647,0.369042878,0.749082064,0.5590624710000001,0.2219999999999999,-0.3370624710000002,30.0,19.0,0.2219999999999999
1321,-71.3350167,41.50572057,0.375094991,0.766162048,0.5706285195,0.21999999999999992,-0.3506285195000001,30.0,20.0,0.21999999999999992
1322,-71.308082,41.539377,0.518043418,0.880683017,0.6993632175,0.2340000000000001,-0.46536321749999987,34.0,19.0,0.2340000000000001
1323,-71.228481,41.622129,0.562233636,0.87876431,0.720498973,,,,,0.720498973
1324,-71.20611,41.542457,0.51336148,0.873543433,0.6934524565,,,,,0.6934524565
1325,-71.19236,41.466777,0.379645391,0.747049002,0.5633471965,,,,,0.5633471965
1326,-71.083709,41.509238,0.38620975,0.766074371,0.5761420605,,,,,0.5761420605
1327,-71.0404,42.304591,1.066202244,1.404469495,1.2353358695,,,,,1.2353358695
1328,-71.00434036,42.3391532,1.061806021,1.236745333,1.1492756769999999,0.1790000000000001,-0.9702756769999998,66.0,38.0,0.1790000000000001
1329,-70.966745,42.388887,0.810527282,1.158951634,0.984739458,,,,,0.984739458
1330,-70.951345,41.411587,0.391663954,0.688036764,0.539850359,,,,,0.539850359
1331,-70.948489,41.577931,0.608368666,0.76017009,0.684269378,,,,,0.684269378
1332,-70.91166,42.269246,0.748158623,0.931902062,0.8400303425,,,,,0.8400303425
1333,-70.887292,42.464896,0.735955981,1.179774991,0.957865486,,,,,0.957865486
1334,-70.868475,41.620968,0.624338127,0.767751465,0.696044796,,,,,0.696044796
1335,-70.857103,41.450253,0.413408542,0.688047477,0.5507280095,,,,,0.5507280095
1336,-70.810999,42.892375,0.947521536,0.994128957,0.9708252465,,,,,0.9708252465
1337,-70.797745,42.760812,0.956105387,1.028426311,0.992265849,,,,,0.992265849
1338,-70.789403,42.531931,0.713823726,0.975976118,0.844899922,,,,,0.844899922
1339,-70.788347,41.448527,0.411023752,0.662968137,0.5369959445,,,,,0.5369959445
1340,-70.776307,42.248953,0.617067541,0.932476945,0.774772243,,,,,0.774772243
1341,-70.768352,42.687542,0.890896732,1.023486334,0.957191533,,,,,0.957191533
1342,-70.764322,42.973751,0.949400536,1.029406703,0.9894036195,,,,,0.9894036195
1343,-70.762706,41.674613,0.573617236,0.754931248,0.6642742420000001,,,,,0.6642742420000001
1344,-70.747152,41.499889,0.408645657,0.66599137,0.5373185135,,,,,0.5373185135
1345,-70.719777,41.488463,0.415315599,0.668184653,0.5417501259999999,,,,,0.5417501259999999
1346,-70.715725,43.038149,0.908900759,1.022891273,0.965896016,,,,,0.965896016
1347,-70.714301,42.168783,0.649286267,0.919279158,0.7842827125,,,,,0.7842827125
1348,-70.69542417,43.05328594,0.945579013,0.99110145,0.9683402315,,,,,0.9683402315
1349,-70.692932,42.584214,0.73179814,0.965427202,0.8486126709999999,,,,,0.8486126709999999
1350,-70.69251131,41.52133634,0.415834724,0.665718304,0.540776514,0.173,-0.36777651400000005,28.0,16.0,0.173
1351,-70.666198,41.718143,0.557029433,0.779796276,0.6684128545,,,,,0.6684128545
1352,-70.6642,42.108646,0.602470273,0.851057862,0.7267640675,,,,,0.7267640675
1353,-70.654376,43.100869,0.945579013,0.99110145,0.9683402315,,,,,0.9683402315
1354,-70.653899,41.56516,0.592481167,0.771024744,0.6817529554999999,0.192,-0.4897529554999999,32.0,18.0,0.192
1355,-70.651235,41.644696,0.622278782,0.775946142,0.699112462,,,,,0.699112462
1356,-70.640688,42.007536,0.600809904,0.785591051,0.6932004775,,,,,0.6932004775
1357,-70.624772,41.540111,0.614129682,0.742859273,0.6784944774999999,0.293,-0.38549447749999993,28.0,21.0,0.293
1358,-70.622199,42.679626,0.716213751,0.97794213,0.8470779405,,,,,0.8470779405
1359,-70.608166,41.940701,0.579870827,0.734944887,0.657407857,,,,,0.657407857
1360,-70.598666,43.173009,0.927975813,1.010290988,0.9691334005,,,,,0.9691334005
1361,-70.575787,43.221859,0.878075216,1.010290988,0.944183102,,,,,0.944183102
1362,-70.542065,41.831263,0.566877746,0.72009075,0.643484248,,,,,0.643484248
1363,-70.513812,41.788954,0.558611393,0.718856111,0.638733752,,,,,0.638733752
1364,-70.512181,41.550039,0.557336102,0.720468953,0.6389025275,,,,,0.6389025275
1365,-70.468136,43.341064,0.856055788,1.167719681,1.0118877345,,,,,1.0118877345
1366,-70.423199,43.378197,0.754792623,0.873856235,0.814324429,,,,,0.814324429
1367,-70.408535,41.607345,0.540248444,0.682561556,0.611405,,,,,0.611405
1368,-70.401132,41.742681,0.603005456,0.685635934,0.644320695,,,,,0.644320695
1369,-70.354902,43.440782,0.754313723,0.873856235,0.814084979,,,,,0.814084979
1370,-70.307405,43.529032,0.750617984,0.868787082,0.8097025330000001,,,,,0.8097025330000001
1371,-70.303384,41.62899,0.597435044,0.683303179,0.6403691115000001,,,,,0.6403691115000001
1372,-70.290957,41.734312,0.594098044,0.68510005,0.6395990469999999,,,,,0.6395990469999999
1373,-70.226601,43.564618,0.748203081,0.869114329,0.808658705,,,,,0.808658705
1374,-70.22186591,43.6540229,0.756415481,0.871980647,0.8141980639999999,0.351,-0.46319806399999996,38.0,29.0,0.351
1375,-70.221027,43.562801,0.748865677,0.869114329,0.8089900029999999,,,,,0.8089900029999999
1376,-70.221027,43.562801,0.748865677,0.869114329,0.8089900029999999,,,,,0.8089900029999999
1377,-70.21980019,41.31850448,0.415480962,0.581319735,0.49840034850000003,,,,,0.49840034850000003
1378,-70.213638,42.080713,0.568485748,0.764990276,0.6667380119999999,,,,,0.6667380119999999
1379,-70.212847,41.639762,0.573340596,0.661583758,0.617462177,,,,,0.617462177
1380,-70.179601,42.021858,0.591633807,0.736037244,0.6638355255,,,,,0.6638355255
1381,-70.141533,41.760072,0.52173,0.670830357,0.5962801785,,,,,0.5962801785
1382,-70.1168192,41.32272975,0.412386725,0.520060587,0.46622365600000004,0.256,-0.21022365600000004,26.0,15.0,0.256
1383,-70.106449,41.658199,0.528096334,0.674857879,0.6014771065,,,,,0.6014771065
1384,-70.096039,43.672276,0.756320204,0.865852005,0.8110861045,,,,,0.8110861045
1385,-70.092775,42.055644,0.51572456,0.682006072,0.5988653159999999,,,,,0.5988653159999999
1386,-70.070825,41.891617,0.553113623,0.714060489,0.633587056,,,,,0.633587056
1387,-70.016719,41.794903,0.553545239,0.697693389,0.6256193139999999,,,,,0.6256193139999999
1388,-70.015539,41.983557,0.512349413,0.650584472,0.5814669425000001,,,,,0.5814669425000001
1389,-70.006264,43.710216,0.709312249,0.858768467,0.7840403579999999,,,,,0.7840403579999999
1390,-69.989078,41.574823,0.49000153,0.655522837,0.5727621835000001,,,,,0.5727621835000001
1391,-69.956739,41.865852,0.505314406,0.643280487,0.5742974464999999,,,,,0.5742974464999999
1392,-69.956378,41.662105,0.509790335,0.662891135,0.5863407350000001,,,,,0.5863407350000001
1393,-69.935046,43.723469,0.731470139,0.854946744,0.7932084415,,,,,0.7932084415
1394,-69.931755,41.752609,0.495984139,0.658176754,0.5770804465,,,,,0.5770804465
1395,-69.90872359,41.66888331,0.488510867,0.628381859,0.5584463630000001,,,,,0.5584463630000001
1396,-69.831333,43.712569,0.731610201,0.855810251,0.793710226,,,,,0.793710226
1397,-69.727906,43.776917,0.714926177,0.855810251,0.785368214,,,,,0.785368214
1398,-69.597482,43.803559,0.706069208,0.85034616,0.778207684,,,,,0.778207684
1399,-69.493565,43.856435,0.725992956,0.834164966,0.7800789610000001,,,,,0.7800789610000001
1400,-69.376606,43.904668,0.718639294,0.836934761,0.7777870275000001,,,,,0.7777870275000001
1401,-69.244276,43.930399,0.679739134,0.842054603,0.7608968684999999,,,,,0.7608968684999999
1402,-69.134351,43.984912,0.682514376,0.83773969,0.7601270330000001,,,,,0.7601270330000001
1403,-69.089078,44.085326,0.731031917,0.83902569,0.7850288035,,,,,0.7850288035
1404,-69.053881,44.173688,0.741463907,0.836061604,0.7887627555,,,,,0.7887627555
1405,-69.00797,44.269961,0.707632667,0.832732681,0.770182674,,,,,0.770182674
1406,-68.950061,44.359092,0.730522123,0.829451211,0.779986667,,,,,0.779986667
1407,-68.90783,44.451119,0.745669833,0.834401327,0.7900355800000001,,,,,0.7900355800000001
1408,-68.810617,44.381097,0.838700715,0.969687799,0.904194257,,,,,0.904194257
1409,-68.698632,44.3095,0.674820336,0.791345787,0.7330830615,,,,,0.7330830615
1410,-68.583871,44.258389,0.666327626,0.770932016,0.718629821,,,,,0.718629821
1411,-68.533481,44.329958,0.66730801,0.784042678,0.725675344,,,,,0.725675344
1412,-68.482367,44.394487,0.665242318,0.778753585,0.7219979515,,,,,0.7219979515
1413,-68.444728,44.483692,0.665242318,0.790524628,0.727883473,,,,,0.727883473
1414,-68.294092,44.471733,0.659201304,0.770251106,0.7147262050000001,,,,,0.7147262050000001
1415,-68.1893515,44.39570814,0.675548894,0.768945367,0.7222471305,0.293,-0.4292471305,64.0,39.0,0.293
1416,-68.18742,44.487763,0.654657542,0.76941429,0.712035916,,,,,0.712035916
1417,-68.125098,44.417795,0.691439041,0.769032136,0.7302355885,,,,,0.7302355885
1418,-68.071702,44.342927,0.694616095,0.771320629,0.732968362,,,,,0.732968362
1419,-67.958772,44.398846,0.666796402,0.831027084,0.7489117430000001,,,,,0.7489117430000001
1420,-67.823803,44.441244,0.675233745,0.842118381,0.758676063,,,,,0.758676063
1421,-67.704353,44.460599,0.679098514,0.83795915,0.758528832,,,,,0.758528832
1422,-67.579692,44.514784,0.664169638,0.798135421,0.7311525295,,,,,0.7311525295
1423,-67.4908,44.575258,0.660588851,0.947893738,0.8042412944999999,,,,,0.8042412944999999
1424,-67.39145,44.625351,0.709442976,0.969630197,0.8395365865,,,,,0.8395365865
1425,-67.32165,44.673626,0.709442976,0.960105244,0.8347741099999999,,,,,0.8347741099999999
1426,-67.274122,44.626345,0.708257591,0.85508361,0.7816706005,,,,,0.7816706005
1427,-67.18786768,44.65058986,0.705379431,0.759974547,0.732676989,,,,,0.732676989
1428,-67.181785,44.663699,0.69330061,0.753100393,0.7232005015,,,,,0.7232005015
1429,-67.086224,44.740746,0.711358312,0.748458187,0.7299082495,,,,,0.7299082495
1430,-66.982403,44.811466,0.730831342,0.762704341,0.7467678415,,,,,0.7467678415
1431,-66.97520463,44.8936236,0.654509215,0.676395598,0.6654524065,0.2210000000000003,-0.44445240649999973,140.0,52.0,0.2210000000000003
